Unnamed: 0,question,correct_answer,image_file,image_link,task_category,chart_type,mc1,mc2,mc3,mc4,text_input_type,misleader_type,misleading_answer,misleading_answer_2,task_category_2,task_category_3,correct_answer_2,Unnamed: 0.1,dataset,x1,num_bars,facet,num_facets,reorder,description,min_label,max_label,question_image
0,What percentage of patients recovered after chemotherapy?,35,ggr_item1.png,https://data-visualization-benchmark.s3.us-west-2.amazonaws.com/ggr/images/ggr_item1.png,level_1,Bar Chart,write your answer,,,,open_ended_question,,,,,,,,,,,,,,,,,
1,"Compared to the placebo, which treatment leads to a larger decrease in the percentage of patients who die?",They are equal,ggr_item10.png,https://data-visualization-benchmark.s3.us-west-2.amazonaws.com/ggr/images/ggr_item10.png,level_3,Bar Chart,Crosicol,Hertinol,They are equal,Can't say,multiple_choice_question,,,,,,,,,,,,,,,,,
2,Which of the treatments contributes to a larger decrease in the percentage of sick patients?,Can't say,ggr_item11.png,https://data-visualization-benchmark.s3.us-west-2.amazonaws.com/ggr/images/ggr_item11.png,level_3,Line Chart,Apsoriatin,Nopsorian,They are equal,Can't say,multiple_choice_question,,,,,,,,,,,,,,,,,
4,What is the percentage of cancer patients who die after chemotherapy?,50,ggr_item13.png,https://data-visualization-benchmark.s3.us-west-2.amazonaws.com/ggr/images/ggr_item13.png,level_3,Bar Chart,write your answer,,,,open_ended_question,,,,,,,,,,,,,,,,,
5,What is the difference between the percentage of patients who recovered after a surgery and the percentage of patients who recovered after radiation therapy?,15,ggr_item2.png,https://data-visualization-benchmark.s3.us-west-2.amazonaws.com/ggr/images/ggr_item2.png,level_2,Bar Chart,write your answer,,,,open_ended_question,,,,,,,,,,,,,,,,,
6,"Of all the people who die from cancer, approximately what percentage dies from lung cancer?",25,ggr_item3.png,https://data-visualization-benchmark.s3.us-west-2.amazonaws.com/ggr/images/ggr_item3.png,level_1,Pie Chart,write your answer,,,,open_ended_question,,,,,,,,,,,,,,,,,
7,"Approximately what percentage of people who die from cancer die from colon cancer, breast cancer, and prostate cancer taken together?",25,ggr_item4.png,https://data-visualization-benchmark.s3.us-west-2.amazonaws.com/ggr/images/ggr_item4.png,level_2,Pie Chart,write your answer,,,,open_ended_question,,,,,,,,,,,,,,,,,
8,Approximately what percentage of people had Adeolitis in the year 2000?,20,ggr_item5.png,https://data-visualization-benchmark.s3.us-west-2.amazonaws.com/ggr/images/ggr_item5.png,level_1,Line Chart,write your answer,,,,open_ended_question,,,,,,,,,,,,,,,,,
10,"According to your best guess, what will the percentage of people with Adeolitis be in the year 2010?",25,ggr_item7.png,https://data-visualization-benchmark.s3.us-west-2.amazonaws.com/ggr/images/ggr_item7.png,level_3,Line Chart,write your answer,,,,open_ended_question,,,,,,,,,,,,,,,,,
11,"Of 100 patients with disease X, how many are women?",40,ggr_item8.png,https://data-visualization-benchmark.s3.us-west-2.amazonaws.com/ggr/images/ggr_item8.png,level_1,Dot Plot,write your answer,,,,open_ended_question,,,,,,,,,,,,,,,,,
12,How many more men than women are there among 100 patients with disease X?,20,ggr_item9.png,https://data-visualization-benchmark.s3.us-west-2.amazonaws.com/ggr/images/ggr_item9.png,level_2,Dot Plot,write your answer,,,,open_ended_question,,,,,,,,,,,,,,,,,
10,About what is the ratio of the cost of a sandwich to the total cost of room service in Seattle?,4 to 10,item11.png,https://data-visualization-benchmark.s3.us-west-2.amazonaws.com/vlat/images/item11.png,retrieve_value,Stacked Bar Chart,1 to 10,2 to 10,4 to 10,6 to 10,multiple_choice_question,,,,,,,,,,,,,,,,,
11,In which city is the cost of soda the highest?,Washington D.C.,item12.png,https://data-visualization-benchmark.s3.us-west-2.amazonaws.com/vlat/images/item12.png,find_extremum,Stacked Bar Chart,New York City,Las Vegas,Atlanta,Washington D.C.,multiple_choice_question,,,,,,,,,,,,,,,,,
12,The cost of vodka in Atlanta is higher than that of Honolulu.,True,item14.png,https://data-visualization-benchmark.s3.us-west-2.amazonaws.com/vlat/images/item14.png,make_comparisons,Stacked Bar Chart,True,False,Skip,,multiple_choice_question,,,,,,,,,,,,,,,,,
23,What is the weight for the person who is 165.1 cm tall?,70.5 kg,item26.png,https://data-visualization-benchmark.s3.us-west-2.amazonaws.com/vlat/images/item26.png,retrieve_value,Scatterplot,53.9 kg,67.7 kg,70.5 kg,82.7 kg,multiple_choice_question,,,,,,,,,,,,,,,,,
25,What is the range in weight for the 85 males?,53.9 - 102.3 kg,item28.png,https://data-visualization-benchmark.s3.us-west-2.amazonaws.com/vlat/images/item28.png,determine_Range,Scatterplot,40 - 130 kg,62.3 - 90.9 kg,53.9 - 102.3 kg,53.9 - 123.6 kg,multiple_choice_question,,,,,,,,,,,,,,,,,
26,What is the height for a person who lies outside the others the most?,175.3 cm,item29.png,https://data-visualization-benchmark.s3.us-west-2.amazonaws.com/vlat/images/item29.png,find_anomolies,Scatterplot,175.3 cm,192 cm,197.1 cm,200 cm,multiple_choice_question,,,,,,,,,,,,,,,,,
31,When was the average price of a pound of coffee beans at minimum?,December 2014,item36.png,https://data-visualization-benchmark.s3.us-west-2.amazonaws.com/vlat/images/item36.png,find_extremum,Area Chart,April 2013,September 2013,June 2014,December 2014,multiple_choice_question,,,,,,,,,,,,,,,,,
38,"In the UK, the number of girls named 'Amelia' in 2014 was more than it was in 2013.",False,item44.png,https://data-visualization-benchmark.s3.us-west-2.amazonaws.com/vlat/images/item44.png,make_comparisons,Stacked Area Chart,True,False,Skip,,multiple_choice_question,,,,,,,,,,,,,,,,,
45,"In general, the ridership of the metro system increases as the number of stations increases.",False,item52.png,https://data-visualization-benchmark.s3.us-west-2.amazonaws.com/vlat/images/item52.png,find_correlations_trends,Bubble Chart,True,False,Skip,,multiple_choice_question,,,,,,,,,,,,,,,,,
47,What was the unemployment rate for Indiana (IN) in 2015?,4.0% - 5.0%,item55.png,https://data-visualization-benchmark.s3.us-west-2.amazonaws.com/vlat/images/item55.png,retrieve_value,Choropleth Map,1.1% - 2.3%,2.3% - 3.4%,3.4% - 4.6%,4.0% - 5.0%,multiple_choice_question,,,,,,,,,,,,,,,,,
48,In which state was the unemployment rate the highest in 2015?,New Mexico (NM),item56.png,https://data-visualization-benchmark.s3.us-west-2.amazonaws.com/vlat/images/item56.png,find_extremum,Choropleth Map,Alaska (AK),New Mexico (NM),Florida (FL),New York (NY),multiple_choice_question,,,,,,,,,,,,,,,,,
47,Which of the following statements is true about the customers at the three bike shops in city Z?,"On Jul 02, shop B had more customers than A and C combined.",N3.png,https://data-visualization-benchmark.s3.us-west-2.amazonaws.com/calvi/images/N3.png,Make Comparisons,Stacked bar chart,"On Jul 02, shop B had more customers than A and C combined.",The number of customers at shop C decreased from Jul 01 to Jul 03.,The number of customers at shop A increased from Jul 01 to Jul 03.,None of the above.,multiple_choice_question,,,,Find Correlations/Trends,,,,,,,,,,,,,
49,Which of the following is true about the four brands of perfume in city Z?,"In 2013, brand B had the largest market share among all four brands.",N5.png,https://data-visualization-benchmark.s3.us-west-2.amazonaws.com/calvi/images/N5.png,Find Correlations/Trends,100% stacked bar chart,The market share of brand D is on an increasing trend from 2011 to 2015.,The market share of brand A is higher in 2011 than in 2012.,"In 2013, brand B had the largest market share among all four brands.",None of the above.,multiple_choice_question,,,,Make Comparisons,Find Extremum,,,,,,,,,,,,
50,Which of the following about the monthly number of new clients is true?,It increased from Sep to Dec for company B.,N6.png,https://data-visualization-benchmark.s3.us-west-2.amazonaws.com/calvi/images/N6.png,Find Correlations/Trends,Line chart,It decreased from Mar to Jun for company A.,It is higher in Feb for company B than company A.,It increased from Sep to Dec for company B.,None of the above.,multiple_choice_question,,,,Make Comparisons,,,,,,,,,,,,,
57,Which of the following is true about the education level of residents in city Z?,More than 60% of residents have a Bachelor's degree or above.,N13.png,https://data-visualization-benchmark.s3.us-west-2.amazonaws.com/calvi/images/N13.png,Make Comparisons,Pie chart,More than 60% of residents have a Bachelor's degree or above.,The majority of residents have a graduate degree.,There are fewer residents whose education level is Associate degree than those with a high school degree.,None of the above.,multiple_choice_question,,,,,,,,,,,,,,,,,
59,Which of the following is true about Restaurant R?,It is less popular in region A than in C.,N15.png,https://data-visualization-benchmark.s3.us-west-2.amazonaws.com/calvi/images/N15.png,Make Comparisons,Choropleth map,It is more popular in region E than in D.,It is less popular in region A than in C.,It is more popular in region B than in C.,It is less popular in region C than in D.,multiple_choice_question,,,,,,,,,,,,,,,,,
0,Do U.S. states have a more similar number of sunny days in the summer or in the winter?,Cannot be inferred / Inadequate Information,T1.png,https://data-visualization-benchmark.s3.us-west-2.amazonaws.com/calvi/images/T1.png,Make Comparisons,Choropleth map,Summer,Winter,Cannot be inferred / Inadequate Information,,multiple_choice_question,Manipulation of Scales - Inappropriate Scale Range,Summer,,,,,,,,,,,,,,,
1,Do U.S. states have a more similar number of windy days in the summer or in the winter?,Cannot be inferred / Inadequate Information,T2.png,https://data-visualization-benchmark.s3.us-west-2.amazonaws.com/calvi/images/T2.png,Make Comparisons,Choropleth map,Summer,Winter,Cannot be inferred / Inadequate Information,,multiple_choice_question,Manipulation of Scales - Inappropriate Scale Range,Winter,,,,,,,,,,,,,,,
2,What is the number of concert tickets sold on Aug 10 as a proportion of that on Aug 11?,80%,T3.png,https://data-visualization-benchmark.s3.us-west-2.amazonaws.com/calvi/images/T3.png,Make Comparisons,Bar chart,20%,40%,60%,80%,multiple_choice_question,Manipulation of Scales - Inappropriate Scale Range,60%,,,,,,,,,,,,,,,
5,What is the trend for the percentage of bacteria Z from 1970 to 2020?,Generally increasing,T6.png,https://data-visualization-benchmark.s3.us-west-2.amazonaws.com/calvi/images/T6.png,Find Correlations/Trends,Line chart,Generally increasing,Generally decreasing,Generally constant,Cannot be inferred / Inadequate Information,multiple_choice_question,Manipulation of Scales - Inappropriate Scale Range,Generally constant,,,,Cannot be inferred / inadequate information,,,,,,,,,,,
7,"Approximately, what is brand C’s total sales as a proportion of brand B’s total sales from Jan 01 to Mar 15?",60%,T9.png,https://data-visualization-benchmark.s3.us-west-2.amazonaws.com/calvi/images/T9.png,Make Comparisons,Stacked area chart,20%,50%,60%,90%,multiple_choice_question,Manipulation of Scales - Inappropriate Scale Range,20%,,,,,,,,,,,,,,,
13,What is the trend of the total sales for item X from Apr to Aug?,"Increasing, then decreasing",T15.png,https://data-visualization-benchmark.s3.us-west-2.amazonaws.com/calvi/images/T15.png,Find Correlations/Trends,Line chart,"Decreasing, then increasing","Increasing, then decreasing",Cannot be inferred / Inadequate Information,,multiple_choice_question,Manipulation of Scales - Unconventional Scale Directions,"Decreasing, then increasing",,,,,,,,,,,,,,,
14,What is the trend of the total number of apples harvested in farm X from Jan 11 to Jan 14?,"Decreasing, then increasing",T16.png,https://data-visualization-benchmark.s3.us-west-2.amazonaws.com/calvi/images/T16.png,Find Correlations/Trends,Area chart,"Increasing, then decreasing","Decreasing, then increasing",Cannot be inferred / Inadequate Information,,multiple_choice_question,Manipulation of Scales - Unconventional Scale Directions,"Increasing, then decreasing",,,,,,,,,,,,,,,
15,What is the trend of the growth for plant species P as the number of hours of sunlight exposure per month increases?,Generally decreases,T17.png,https://data-visualization-benchmark.s3.us-west-2.amazonaws.com/calvi/images/T17.png,Find Correlations/Trends,Scatterplot,Generally increases,Generally decreases,Generally constant,Cannot be inferred / Inadequate Information,multiple_choice_question,Manipulation of Scales - Unconventional Scale Directions,Generally increases,,,,,,,,,,,,,,,
17,What is the trend of the survival rate as weight increases for species Z?,Generally increases,T19.png,https://data-visualization-benchmark.s3.us-west-2.amazonaws.com/calvi/images/T19.png,Find Correlations/Trends,Scatterplot,Generally increases,Generally decreases,Generally constant,Cannot be inferred / Inadequate Information,multiple_choice_question,Manipulation of Scales - Unconventional Scale Directions,Generally decreases,,,,,,,,,,,,,,,
19,"Assuming today is May 10 and given the chart below, which statement about rainfall (mm) is true for the past 14 days?",There was more rainfall at the beginning than at the end of the past 14 days.,T21.png,https://data-visualization-benchmark.s3.us-west-2.amazonaws.com/calvi/images/T21.png,Find Extremum,Bar chart,The amount of rainfall peaked at the end of the past 14 days.,There was more rainfall at the beginning than at the end of the past 14 days.,None of the days had lower than 40mm of rainfall.,The amount of rainfall peaked at the beginning of the past 14 days.,multiple_choice_question,Manipulation of Scales - Inappropriate Order,The amount of rainfall peaked at the end of the past 14 days.,,Make Comparisons,,,,,,,,,,,,,
25,Does cell phone brand A have more than half of the total market share?,Cannot be inferred / Inadequate Information,T28.png,https://data-visualization-benchmark.s3.us-west-2.amazonaws.com/calvi/images/T28.png,Make Comparisons,Pie Chart,Yes,No,Cannot be inferred / Inadequate Information,,multiple_choice_question,Manipulation of Scales - Inappropriate Use of Scale Functions,Yes,No,,,,,,,,,,,,,,
26,Are there more households with exactly 1 car than households with exactly 2 cars?,Cannot be inferred / Inadequate Information,T29.png,https://data-visualization-benchmark.s3.us-west-2.amazonaws.com/calvi/images/T29.png,Make Comparisons,Pie Chart,Yes,No,Cannot be inferred / Inadequate Information,,multiple_choice_question,Manipulation of Scales - Inappropriate Use of Scale Functions,No,Yes,,,,,,,,,,,,,,
27,Was the average amount of precipitation over 15 years in region D higher than that in region C?,Cannot be inferred / Inadequate Information,T30.png,https://data-visualization-benchmark.s3.us-west-2.amazonaws.com/calvi/images/T30.png,Make Comparisons,Choropleth Map,Yes,No,Cannot be inferred / Inadequate Information,,multiple_choice_question,Missing Data,Yes,,,,,,,,,,,,,,,
28,"Company A sells a board game. Assuming today is Jun 01, 2022, which of the following statements is true?",None of the above.,T34.png,https://data-visualization-benchmark.s3.us-west-2.amazonaws.com/calvi/images/T34.png,Make Comparisons,Line chart,2004 has more copies sold than 2003.,Copies sold per year fell sharply in 2022.,Copies sold per year has been strictly increasing since 2003.,None of the above.,multiple_choice_question,Inappropriate Aggregation,Copied sold per year fell sharply in 2022.,,Find Correlations/Trends,,,,,,,,,,,,,
29,"Assuming today is Feb 20, 2022, which of the following is true about the vegetables planted by the three farms?",None of the above.,T35.png,https://data-visualization-benchmark.s3.us-west-2.amazonaws.com/calvi/images/T35.png,Make Comparisons,Stacked bar chart,All three farms planted more vegetables in 2022 than they did in the previous years.,All three farms planted fewer vegetables in 2022 than they did in the previous years.,All three farms planted about the same amount of vegetables in 2022 than they did in the previous years.,None of the above.,multiple_choice_question,Inappropriate Aggregation,All three farms planted fewer vegetables in 2022 than they did in previous years.,,,,,,,,,,,,,,,
30,"Assuming today is Apr 10, 2022, did the total number of cars parked in the three parking lots fall sharply in 2022?",Cannot be inferred / Inadequate Information,T36.png,https://data-visualization-benchmark.s3.us-west-2.amazonaws.com/calvi/images/T36.png,Make Comparisons,Stacked bar chart,Yes,No,Cannot be inferred / Inadequate Information,,multiple_choice_question,Inappropriate Aggregation,Yes,,,,,,,,,,,,,,,
31,"Assuming today is May 01, 2022, which of the following statements is true?",None of the above.,T37.png,https://data-visualization-benchmark.s3.us-west-2.amazonaws.com/calvi/images/T37.png,Make Comparisons,Area chart,Company Z had more new employees in 2018 than in 2020.,The number of new employees per year fell sharply in 2022.,The total number of employees in company Z decreased in 2022.,None of the above.,multiple_choice_question,Inappropriate Aggregation,The number of new employees per year fell sharply in 2022.,,Find Correlations/Trends,,,,,,,,,,,,,
32,"True or False: Within each town, is there a negative relationship between average daily working hours and happiness score?",FALSE,T38.png,https://data-visualization-benchmark.s3.us-west-2.amazonaws.com/calvi/images/T38.png,Find Correlations/Trends,Scatterplot,TRUE,FALSE,Cannot be inferred / Inadequate Information,,multiple_choice_question,Inappropriate Aggregation,TRUE,,,,,,,,,,,,,,,
33,"Within each city, is there a positive relationship between salary and average daily working hours?",Cannot be inferred / Inadequate Information,T39.png,https://data-visualization-benchmark.s3.us-west-2.amazonaws.com/calvi/images/T39.png,Find Correlations/Trends,Scatterplot,Yes,No,Cannot be inferred / Inadequate Information,,multiple_choice_question,Inappropriate Aggregation,Yes,,,,,,,,,,,,,,,
34,Does any members of species C weigh more than 5 lbs?,Cannot be inferred / Inadequate Information,T40.png,https://data-visualization-benchmark.s3.us-west-2.amazonaws.com/calvi/images/T40.png,Retrieve Value,Scatterplot,Yes,No,Cannot be inferred / Inadequate Information,,multiple_choice_question,Overplotting,No,,,,,,,,,,,,,,,
15,How many miles per hour faster was the fastest storm compared to the slowest storm?,21.61,storms_x1name_facetnone_reorderalph_colorgrey20.png,https://data-visualization-benchmark.s3.us-west-2.amazonaws.com/holf/images/storms/storms_x1name_facetnone_reorderalph_colorgrey20.png,determine_range,barchart,,,,,open_ended_question,,,,,,,15.0,storms,name,4.0,none,1.0,alph,"This data visualization is intended to show information about: wind speeds (mph) of different storms categorized at different levels. In this dataset, there are 4 storms named “Alberto”, “Bonnie”, “Claudette”, and “Emily” and 4 storm levels categorized as hurricanes, tropical storms, and tropical depressions.",0.0,90.0,
49,"On average, how much longer does it take women to complete the race relative to men? ",0.25,race_x1sex_facetnone_reorderalph_colorgrey20.png,https://data-visualization-benchmark.s3.us-west-2.amazonaws.com/holf/images/race/race_x1sex_facetnone_reorderalph_colorgrey20.png,make_comparisons,barchart,,,,,open_ended_question,,,,,,,49.0,race,sex,2.0,none,1.0,alph,"This data visualization is intended to show information about: marathon times of runners from different states across the United States. In this dataset, there are 2 reported genders “Men” and “Women” and 3 states spanning Virginia “VA), District Columbia (DC), and “Maryland (MD).",0.0,2.5,
52,"On average, how long does it take women from DC to complete the race?",1.75,race_x1sex_facetstate_reorderlarge_to_small_colorgrey20.png,https://data-visualization-benchmark.s3.us-west-2.amazonaws.com/holf/images/race/race_x1sex_facetstate_reorderlarge_to_small_colorgrey20.png,retrieve_value,barchart,,,,,open_ended_question,,,,,,,52.0,race,sex,2.0,state,3.0,large_to_small,"This data visualization is intended to show information about: marathon times of runners from different states across the United States. In this dataset, there are 2 reported genders “Men” and “Women” and 3 states spanning Virginia “VA), District Columbia (DC), and “Maryland (MD).",0.0,2.5,
55,How many miles per hour faster was the fastest storm compared to the slowest storm?,21.61,storms_x1status_facetnone_reorderalph_colorgrey20.png,https://data-visualization-benchmark.s3.us-west-2.amazonaws.com/holf/images/storms/storms_x1status_facetnone_reorderalph_colorgrey20.png,determine_range,barchart,,,,,open_ended_question,,,,,,,55.0,storms,status,3.0,none,1.0,alph,"This data visualization is intended to show information about: wind speeds (mph) of different storms categorized at different levels. In this dataset, there are 4 storms named “Alberto”, “Bonnie”, “Claudette”, and “Emily” and 4 storm levels categorized as hurricanes, tropical storms, and tropical depressions.",0.0,90.0,
86,How much longer does it take runners from the state with the longest times to complete the race compared to runners from the state with the fastest times?,0.05,race_x1sex_facetnone_reorderalph_colorgrey20.png,https://data-visualization-benchmark.s3.us-west-2.amazonaws.com/holf/images/race/race_x1sex_facetnone_reorderalph_colorgrey20.png,determine_range,barchart,,,,,open_ended_question,,,,,,,86.0,race,sex,2.0,none,1.0,alph,"This data visualization is intended to show information about: marathon times of runners from different states across the United States. In this dataset, there are 2 reported genders “Men” and “Women” and 3 states spanning Virginia “VA), District Columbia (DC), and “Maryland (MD).",0.0,2.5,
92,"On average, how many miles per hour faster are storms categorized as hurricanes compared to those categorized as tropical depressions?",56.29,storms_x1name_facetnone_reorderalph_colorgrey20.png,https://data-visualization-benchmark.s3.us-west-2.amazonaws.com/holf/images/storms/storms_x1name_facetnone_reorderalph_colorgrey20.png,make_comparisons,barchart,,,,,open_ended_question,,,,,,,92.0,storms,name,4.0,none,1.0,alph,"This data visualization is intended to show information about: wind speeds (mph) of different storms categorized at different levels. In this dataset, there are 4 storms named “Alberto”, “Bonnie”, “Claudette”, and “Emily” and 4 storm levels categorized as hurricanes, tropical storms, and tropical depressions.",0.0,90.0,
93,"On average, how many miles per hour was Emily when categorized as a hurricane?",85.0,storms_x1name_facetnone_reorderalph_colorgrey20.png,https://data-visualization-benchmark.s3.us-west-2.amazonaws.com/holf/images/storms/storms_x1name_facetnone_reorderalph_colorgrey20.png,retrieve_value,barchart,,,,,open_ended_question,,,,,,,93.0,storms,name,4.0,none,1.0,alph,"This data visualization is intended to show information about: wind speeds (mph) of different storms categorized at different levels. In this dataset, there are 4 storms named “Alberto”, “Bonnie”, “Claudette”, and “Emily” and 4 storm levels categorized as hurricanes, tropical storms, and tropical depressions.",0.0,90.0,
106,"On average, how many miles per hour are storms categorized as tropical storms?",43.82,storms_x1status_facetnone_reorderalph_colorgrey20.png,https://data-visualization-benchmark.s3.us-west-2.amazonaws.com/holf/images/storms/storms_x1status_facetnone_reorderalph_colorgrey20.png,retrieve_value,barchart,,,,,open_ended_question,,,,,,,106.0,storms,status,3.0,none,1.0,alph,"This data visualization is intended to show information about: wind speeds (mph) of different storms categorized at different levels. In this dataset, there are 4 storms named “Alberto”, “Bonnie”, “Claudette”, and “Emily” and 4 storm levels categorized as hurricanes, tropical storms, and tropical depressions.",0.0,90.0,
107,"On average, how many miles per hour faster are storms categorized as hurricanes compared to those categorized as tropical depressions?",56.29,storms_x1status_facetnone_reorderalph_colorgrey20.png,https://data-visualization-benchmark.s3.us-west-2.amazonaws.com/holf/images/storms/storms_x1status_facetnone_reorderalph_colorgrey20.png,make_comparisons,barchart,,,,,open_ended_question,,,,,,,107.0,storms,status,3.0,none,1.0,alph,"This data visualization is intended to show information about: wind speeds (mph) of different storms categorized at different levels. In this dataset, there are 4 storms named “Alberto”, “Bonnie”, “Claudette”, and “Emily” and 4 storm levels categorized as hurricanes, tropical storms, and tropical depressions.",0.0,90.0,
111,"On average, how long does it take women from DC to complete the race?",1.75,race_x1sex_facetnone_reorderalph_colorgrey20.png,https://data-visualization-benchmark.s3.us-west-2.amazonaws.com/holf/images/race/race_x1sex_facetnone_reorderalph_colorgrey20.png,retrieve_value,barchart,,,,,open_ended_question,,,,,,,111.0,race,sex,2.0,none,1.0,alph,"This data visualization is intended to show information about: marathon times of runners from different states across the United States. In this dataset, there are 2 reported genders “Men” and “Women” and 3 states spanning Virginia “VA), District Columbia (DC), and “Maryland (MD).",0.0,2.5,
113,"On average, how long does it take women to complete the race?",1.74,race_x1sex_facetnone_reorderalph_colorgrey20.png,https://data-visualization-benchmark.s3.us-west-2.amazonaws.com/holf/images/race/race_x1sex_facetnone_reorderalph_colorgrey20.png,retrieve_value,barchart,,,,,open_ended_question,,,,,,,113.0,race,sex,2.0,none,1.0,alph,"This data visualization is intended to show information about: marathon times of runners from different states across the United States. In this dataset, there are 2 reported genders “Men” and “Women” and 3 states spanning Virginia “VA), District Columbia (DC), and “Maryland (MD).",0.0,2.5,
114,"On average, how much longer does it take women from VA to complete the race compared to women from MD? ",0.06,race_x1sex_facetnone_reorderalph_colorgrey20.png,https://data-visualization-benchmark.s3.us-west-2.amazonaws.com/holf/images/race/race_x1sex_facetnone_reorderalph_colorgrey20.png,make_comparisons,barchart,,,,,open_ended_question,,,,,,,114.0,race,sex,2.0,none,1.0,alph,"This data visualization is intended to show information about: marathon times of runners from different states across the United States. In this dataset, there are 2 reported genders “Men” and “Women” and 3 states spanning Virginia “VA), District Columbia (DC), and “Maryland (MD).",0.0,2.5,
120,How much longer does it take runners from the state with the longest times to complete the race compared to runners from the state with the fastest times?,0.05,race_x1sex_facetstate_reorderlarge_to_small_colorgrey20.png,https://data-visualization-benchmark.s3.us-west-2.amazonaws.com/holf/images/race/race_x1sex_facetstate_reorderlarge_to_small_colorgrey20.png,determine_range,barchart,,,,,open_ended_question,,,,,,,120.0,race,sex,2.0,state,3.0,large_to_small,"This data visualization is intended to show information about: marathon times of runners from different states across the United States. In this dataset, there are 2 reported genders “Men” and “Women” and 3 states spanning Virginia “VA), District Columbia (DC), and “Maryland (MD).",0.0,2.5,
121,"On average, how much longer does it take women from VA to complete the race compared to women from MD? ",0.06,race_x1sex_facetstate_reorderlarge_to_small_colorgrey20.png,https://data-visualization-benchmark.s3.us-west-2.amazonaws.com/holf/images/race/race_x1sex_facetstate_reorderlarge_to_small_colorgrey20.png,make_comparisons,barchart,,,,,open_ended_question,,,,,,,121.0,race,sex,2.0,state,3.0,large_to_small,"This data visualization is intended to show information about: marathon times of runners from different states across the United States. In this dataset, there are 2 reported genders “Men” and “Women” and 3 states spanning Virginia “VA), District Columbia (DC), and “Maryland (MD).",0.0,2.5,
164,"On average, what is injury severity level of drivers?",1.78,accidents_x1decade_facetnone_reorderlarge_to_small_colorgrey20.png,https://data-visualization-benchmark.s3.us-west-2.amazonaws.com/holf/images/accidents/accidents_x1decade_facetnone_reorderlarge_to_small_colorgrey20.png,retrieve_value,barchart,,,,,open_ended_question,,,,,,,164.0,accidents,decade,2.0,none,1.0,large_to_small,"This data visualization is intended to show information about: severity level of injuries reported for during car accidents across different decades. In this dataset, there are 2 reported injury types for “drivers” and “passengers” and 2 decades spanning the “1990s” and “2000s”.",0.0,6.0,
191,"Within women, how much longer does it take runners from the state with the longest times to complete the race compared to runners from the state with the fastest times?",0.06,race_x1sex_facetstate_reorderlarge_to_small_colorgrey20.png,https://data-visualization-benchmark.s3.us-west-2.amazonaws.com/holf/images/race/race_x1sex_facetstate_reorderlarge_to_small_colorgrey20.png,determine_range,barchart,,,,,open_ended_question,,,,,,,191.0,race,sex,2.0,state,3.0,large_to_small,"This data visualization is intended to show information about: marathon times of runners from different states across the United States. In this dataset, there are 2 reported genders “Men” and “Women” and 3 states spanning Virginia “VA), District Columbia (DC), and “Maryland (MD).",0.0,2.5,
195,"Within women, how much longer does it take runners from the state with the longest times to complete the race compared to runners from the state with the fastest times?",0.06,race_x1sex_facetnone_reorderalph_colorgrey20.png,https://data-visualization-benchmark.s3.us-west-2.amazonaws.com/holf/images/race/race_x1sex_facetnone_reorderalph_colorgrey20.png,determine_range,barchart,,,,,open_ended_question,,,,,,,195.0,race,sex,2.0,none,1.0,alph,"This data visualization is intended to show information about: marathon times of runners from different states across the United States. In this dataset, there are 2 reported genders “Men” and “Women” and 3 states spanning Virginia “VA), District Columbia (DC), and “Maryland (MD).",0.0,2.5,
206,"Within of injuries involving backseat passengers, how much higher is the injury severity level in the decade with the higher severity compared to the decade with the lower severity? ",0.96,accidents_x1decade_facetnone_reorderlarge_to_small_colorgrey20.png,https://data-visualization-benchmark.s3.us-west-2.amazonaws.com/holf/images/accidents/accidents_x1decade_facetnone_reorderlarge_to_small_colorgrey20.png,determine_range,barchart,,,,,open_ended_question,,,,,,,206.0,accidents,decade,2.0,none,1.0,large_to_small,"This data visualization is intended to show information about: severity level of injuries reported for during car accidents across different decades. In this dataset, there are 2 reported injury types for “drivers” and “passengers” and 2 decades spanning the “1990s” and “2000s”.",0.0,6.0,
211,"On average, what was the injury severity level of drivers in the 1990s?",1.71,accidents_x1decade_facetnone_reorderlarge_to_small_colorgrey20.png,https://data-visualization-benchmark.s3.us-west-2.amazonaws.com/holf/images/accidents/accidents_x1decade_facetnone_reorderlarge_to_small_colorgrey20.png,retrieve_value,barchart,,,,,open_ended_question,,,,,,,211.0,accidents,decade,2.0,none,1.0,large_to_small,"This data visualization is intended to show information about: severity level of injuries reported for during car accidents across different decades. In this dataset, there are 2 reported injury types for “drivers” and “passengers” and 2 decades spanning the “1990s” and “2000s”.",0.0,6.0,
212,How much higher is the injury severity level of accidents in the decade with the higher severity compared to the lower severity?,0.36,accidents_x1decade_facetnone_reorderlarge_to_small_colorgrey20.png,https://data-visualization-benchmark.s3.us-west-2.amazonaws.com/holf/images/accidents/accidents_x1decade_facetnone_reorderlarge_to_small_colorgrey20.png,determine_range,barchart,,,,,open_ended_question,,,,,,,212.0,accidents,decade,2.0,none,1.0,large_to_small,"This data visualization is intended to show information about: severity level of injuries reported for during car accidents across different decades. In this dataset, there are 2 reported injury types for “drivers” and “passengers” and 2 decades spanning the “1990s” and “2000s”.",0.0,6.0,
213,"Within storms categorized as hurricanes, how many more miles per hour was the fastest storm compared to the slowest storm? ",12.08,storms_x1status_facetnone_reorderalph_colorgrey20.png,https://data-visualization-benchmark.s3.us-west-2.amazonaws.com/holf/images/storms/storms_x1status_facetnone_reorderalph_colorgrey20.png,determine_range,barchart,,,,,open_ended_question,,,,,,,213.0,storms,status,3.0,none,1.0,alph,"This data visualization is intended to show information about: wind speeds (mph) of different storms categorized at different levels. In this dataset, there are 4 storms named “Alberto”, “Bonnie”, “Claudette”, and “Emily” and 4 storm levels categorized as hurricanes, tropical storms, and tropical depressions.",0.0,90.0,
216,"Within storms categorized as hurricanes, how many more miles per hour was the fastest storm compared to the slowest storm? ",12.08,storms_x1name_facetnone_reorderalph_colorgrey20.png,https://data-visualization-benchmark.s3.us-west-2.amazonaws.com/holf/images/storms/storms_x1name_facetnone_reorderalph_colorgrey20.png,determine_range,barchart,,,,,open_ended_question,,,,,,,216.0,storms,name,4.0,none,1.0,alph,"This data visualization is intended to show information about: wind speeds (mph) of different storms categorized at different levels. In this dataset, there are 4 storms named “Alberto”, “Bonnie”, “Claudette”, and “Emily” and 4 storm levels categorized as hurricanes, tropical storms, and tropical depressions.",0.0,90.0,
235,"On average, how long does it take women to complete the race?",1.74,race_x1sex_facetstate_reorderlarge_to_small_colorgrey20.png,https://data-visualization-benchmark.s3.us-west-2.amazonaws.com/holf/images/race/race_x1sex_facetstate_reorderlarge_to_small_colorgrey20.png,retrieve_value,barchart,,,,,open_ended_question,,,,,,,235.0,race,sex,2.0,state,3.0,large_to_small,"This data visualization is intended to show information about: marathon times of runners from different states across the United States. In this dataset, there are 2 reported genders “Men” and “Women” and 3 states spanning Virginia “VA), District Columbia (DC), and “Maryland (MD).",0.0,2.5,
301,"On average, how much higher are the injury severity levels of drivers compared to backseat passengers in the 1990s?",0.21,accidents_x1decade_facetnone_reorderlarge_to_small_colorgrey20.png,https://data-visualization-benchmark.s3.us-west-2.amazonaws.com/holf/images/accidents/accidents_x1decade_facetnone_reorderlarge_to_small_colorgrey20.png,make_comparisons,barchart,,,,,open_ended_question,,,,,,,301.0,accidents,decade,2.0,none,1.0,large_to_small,"This data visualization is intended to show information about: severity level of injuries reported for during car accidents across different decades. In this dataset, there are 2 reported injury types for “drivers” and “passengers” and 2 decades spanning the “1990s” and “2000s”.",0.0,6.0,
308,"On average, how many miles per hour was Emily when categorized as a hurricane?",85.0,storms_x1status_facetnone_reorderalph_colorgrey20.png,https://data-visualization-benchmark.s3.us-west-2.amazonaws.com/holf/images/storms/storms_x1status_facetnone_reorderalph_colorgrey20.png,retrieve_value,barchart,,,,,open_ended_question,,,,,,,308.0,storms,status,3.0,none,1.0,alph,"This data visualization is intended to show information about: wind speeds (mph) of different storms categorized at different levels. In this dataset, there are 4 storms named “Alberto”, “Bonnie”, “Claudette”, and “Emily” and 4 storm levels categorized as hurricanes, tropical storms, and tropical depressions.",0.0,90.0,
310,"On average, how much higher is the injury severity level of backseat passengers compared to drivers?",0.31,accidents_x1decade_facetnone_reorderlarge_to_small_colorgrey20.png,https://data-visualization-benchmark.s3.us-west-2.amazonaws.com/holf/images/accidents/accidents_x1decade_facetnone_reorderlarge_to_small_colorgrey20.png,make_comparisons,barchart,,,,,open_ended_question,,,,,,,310.0,accidents,decade,2.0,none,1.0,large_to_small,"This data visualization is intended to show information about: severity level of injuries reported for during car accidents across different decades. In this dataset, there are 2 reported injury types for “drivers” and “passengers” and 2 decades spanning the “1990s” and “2000s”.",0.0,6.0,
322,"On average, how much longer does it take women to complete the race relative to men? ",0.25,race_x1sex_facetstate_reorderlarge_to_small_colorgrey20.png,https://data-visualization-benchmark.s3.us-west-2.amazonaws.com/holf/images/race/race_x1sex_facetstate_reorderlarge_to_small_colorgrey20.png,make_comparisons,barchart,,,,,open_ended_question,,,,,,,322.0,race,sex,2.0,state,3.0,large_to_small,"This data visualization is intended to show information about: marathon times of runners from different states across the United States. In this dataset, there are 2 reported genders “Men” and “Women” and 3 states spanning Virginia “VA), District Columbia (DC), and “Maryland (MD).",0.0,2.5,
355,"On average, how many miles per hour faster was Hurricane Alberto compared to Hurricane Claudette?",2.0,storms_x1status_facetnone_reorderalph_colorgrey20.png,https://data-visualization-benchmark.s3.us-west-2.amazonaws.com/holf/images/storms/storms_x1status_facetnone_reorderalph_colorgrey20.png,make_comparisons,barchart,,,,,open_ended_question,,,,,,,355.0,storms,status,3.0,none,1.0,alph,"This data visualization is intended to show information about: wind speeds (mph) of different storms categorized at different levels. In this dataset, there are 4 storms named “Alberto”, “Bonnie”, “Claudette”, and “Emily” and 4 storm levels categorized as hurricanes, tropical storms, and tropical depressions.",0.0,90.0,
366,"On average, how many miles per hour faster was Hurricane Alberto compared to Hurricane Claudette?",2.0,storms_x1name_facetnone_reorderalph_colorgrey20.png,https://data-visualization-benchmark.s3.us-west-2.amazonaws.com/holf/images/storms/storms_x1name_facetnone_reorderalph_colorgrey20.png,make_comparisons,barchart,,,,,open_ended_question,,,,,,,366.0,storms,name,4.0,none,1.0,alph,"This data visualization is intended to show information about: wind speeds (mph) of different storms categorized at different levels. In this dataset, there are 4 storms named “Alberto”, “Bonnie”, “Claudette”, and “Emily” and 4 storm levels categorized as hurricanes, tropical storms, and tropical depressions.",0.0,90.0,
377,"On average, how many miles per hour are storms categorized as tropical storms?",43.82,storms_x1name_facetnone_reorderalph_colorgrey20.png,https://data-visualization-benchmark.s3.us-west-2.amazonaws.com/holf/images/storms/storms_x1name_facetnone_reorderalph_colorgrey20.png,retrieve_value,barchart,,,,,open_ended_question,,,,,,,377.0,storms,name,4.0,none,1.0,alph,"This data visualization is intended to show information about: wind speeds (mph) of different storms categorized at different levels. In this dataset, there are 4 storms named “Alberto”, “Bonnie”, “Claudette”, and “Emily” and 4 storm levels categorized as hurricanes, tropical storms, and tropical depressions.",0.0,90.0,
6,What is the average number of fatalities in northeast + midwest states with populations of 1M-1.5M people? ,271.0,bar_fatal_5_v2popc_v3region_v4age_v5years.png,https://data-visualization-benchmark.s3.us-west-2.amazonaws.com/holf2/images/bar_fatal_5_v2popc_v3region_v4age_v5years.png,retrieve_value,bar,,,,,open_ended_question,,,,,,,,,,,,,,,0.0,600.0,What is the average number of fatalities in northeast + midwest states with populations of 1M-1.5M people?  & bar_fatal_5_v2popc_v3region_v4age_v5years.png
15,"Imagine that you came across a random west coast state, which had a population of 1.75M people. What would you predict its number of crash fatalities to be? ",738.286,bar_fatal_5_v2popc_v3region_v4age_v5years.png,https://data-visualization-benchmark.s3.us-west-2.amazonaws.com/holf2/images/bar_fatal_5_v2popc_v3region_v4age_v5years.png,predict_trend,bar,,,,,open_ended_question,,,,,,,,,,,,,,,0.0,600.0,"Imagine that you came across a random west coast state, which had a population of 1.75M people. What would you predict its number of crash fatalities to be?  & bar_fatal_5_v2popc_v3region_v4age_v5years.png"
17,How much higher is the average number of fatalities in southern states with populations of 0.5M-1M people compared to states with populations of 0-0.5M people?,224.5,line_fatal_3_v2popc_v3region_v4none_v5none.png,https://data-visualization-benchmark.s3.us-west-2.amazonaws.com/holf2/images/line_fatal_3_v2popc_v3region_v4none_v5none.png,make_comparisons,line,,,,,open_ended_question,,,,,,,,,,,,,,,0.0,600.0,How much higher is the average number of fatalities in southern states with populations of 0.5M-1M people compared to states with populations of 0-0.5M people? & line_fatal_3_v2popc_v3region_v4none_v5none.png
18,How much higher is the average speed of aircrafts flying with some cloud skies that encountered bird strikes at 10K-15K miles compared to 5K-10K miles? ,44.476,scatter_bird_3_v2heightc_v3sky_v4none_v5none.png,https://data-visualization-benchmark.s3.us-west-2.amazonaws.com/holf2/images/scatter_bird_3_v2heightc_v3sky_v4none_v5none.png,make_comparisons,scatter,,,,,open_ended_question,,,,,,,,,,,,,,,0.0,300.0,How much higher is the average speed of aircrafts flying with some cloud skies that encountered bird strikes at 10K-15K miles compared to 5K-10K miles?  & scatter_bird_3_v2heightc_v3sky_v4none_v5none.png
25,"Imagine that you came across a random bird strike event involving skies with no clouds in the history books, which involved an aircraft flying at extremely high altitude (17.5K miles). What would you predict its speed to have been at the time of the bird strike? ",273.333,line_bird_5_v2heightc_v3sky_v4engine_v5time.png,https://data-visualization-benchmark.s3.us-west-2.amazonaws.com/holf2/images/line_bird_5_v2heightc_v3sky_v4engine_v5time.png,predict_trend,line,,,,,open_ended_question,,,,,,,,,,,,,,,0.0,300.0,"Imagine that you came across a random bird strike event involving skies with no clouds in the history books, which involved an aircraft flying at extremely high altitude (17.5K miles). What would you predict its speed to have been at the time of the bird strike?  & line_bird_5_v2heightc_v3sky_v4engine_v5time.png"
26,"Imagine that you came across a random bird strike event involving skies with no clouds in the history books, which involved an aircraft flying at extremely high altitude (17.5K miles). What would you predict its speed to have been at the time of the bird strike? ",273.333,scatter_bird_3_v2heightc_v3sky_v4none_v5none.png,https://data-visualization-benchmark.s3.us-west-2.amazonaws.com/holf2/images/scatter_bird_3_v2heightc_v3sky_v4none_v5none.png,predict_trend,scatter,,,,,open_ended_question,,,,,,,,,,,,,,,0.0,300.0,"Imagine that you came across a random bird strike event involving skies with no clouds in the history books, which involved an aircraft flying at extremely high altitude (17.5K miles). What would you predict its speed to have been at the time of the bird strike?  & scatter_bird_3_v2heightc_v3sky_v4none_v5none.png"
39,"Imagine that you came across a random bird strike event involving skies with no clouds in the history books, which involved an aircraft flying at extremely high altitude (17.5K miles). What would you predict its speed to have been at the time of the bird strike? ",273.333,scatter_bird_4_v2heightc_v3sky_v4engine_v5none.png,https://data-visualization-benchmark.s3.us-west-2.amazonaws.com/holf2/images/scatter_bird_4_v2heightc_v3sky_v4engine_v5none.png,predict_trend,scatter,,,,,open_ended_question,,,,,,,,,,,,,,,0.0,300.0,"Imagine that you came across a random bird strike event involving skies with no clouds in the history books, which involved an aircraft flying at extremely high altitude (17.5K miles). What would you predict its speed to have been at the time of the bird strike?  & scatter_bird_4_v2heightc_v3sky_v4engine_v5none.png"
42,What is the average speed of aircrafts flying in overcast skies that encountered bird strikes at 0-5K miles?,127.338,scatter_bird_3_v2heightc_v3sky_v4none_v5none.png,https://data-visualization-benchmark.s3.us-west-2.amazonaws.com/holf2/images/scatter_bird_3_v2heightc_v3sky_v4none_v5none.png,retrieve_value,scatter,,,,,open_ended_question,,,,,,,,,,,,,,,0.0,300.0,What is the average speed of aircrafts flying in overcast skies that encountered bird strikes at 0-5K miles? & scatter_bird_3_v2heightc_v3sky_v4none_v5none.png
45,What is the average speed of aircrafts flying in overcast skies that encountered bird strikes at 0-5K miles?,127.338,scatter_bird_5_v2heightc_v3sky_v4engine_v5time.png,https://data-visualization-benchmark.s3.us-west-2.amazonaws.com/holf2/images/scatter_bird_5_v2heightc_v3sky_v4engine_v5time.png,retrieve_value,scatter,,,,,open_ended_question,,,,,,,,,,,,,,,0.0,300.0,What is the average speed of aircrafts flying in overcast skies that encountered bird strikes at 0-5K miles? & scatter_bird_5_v2heightc_v3sky_v4engine_v5time.png
47,What is the average speed of aircrafts flying in overcast skies that encountered bird strikes at 0-5K miles?,127.338,line_bird_5_v2heightc_v3sky_v4engine_v5time.png,https://data-visualization-benchmark.s3.us-west-2.amazonaws.com/holf2/images/line_bird_5_v2heightc_v3sky_v4engine_v5time.png,retrieve_value,line,,,,,open_ended_question,,,,,,,,,,,,,,,0.0,300.0,What is the average speed of aircrafts flying in overcast skies that encountered bird strikes at 0-5K miles? & line_bird_5_v2heightc_v3sky_v4engine_v5time.png
74,What is the average number of fatalities in northeast + midwest states with populations of 1M-1.5M people? ,271.0,bar_fatal_3_v2popc_v3region_v4none_v5none.png,https://data-visualization-benchmark.s3.us-west-2.amazonaws.com/holf2/images/bar_fatal_3_v2popc_v3region_v4none_v5none.png,retrieve_value,bar,,,,,open_ended_question,,,,,,,,,,,,,,,0.0,600.0,What is the average number of fatalities in northeast + midwest states with populations of 1M-1.5M people?  & bar_fatal_3_v2popc_v3region_v4none_v5none.png
82,How much higher is the average number of fatalities in southern states with populations of 0.5M-1M people compared to states with populations of 0-0.5M people?,224.5,line_fatal_4_v2popc_v3region_v4age_v5none.png,https://data-visualization-benchmark.s3.us-west-2.amazonaws.com/holf2/images/line_fatal_4_v2popc_v3region_v4age_v5none.png,make_comparisons,line,,,,,open_ended_question,,,,,,,,,,,,,,,0.0,600.0,How much higher is the average number of fatalities in southern states with populations of 0.5M-1M people compared to states with populations of 0-0.5M people? & line_fatal_4_v2popc_v3region_v4age_v5none.png
94,How much higher is the average speed of aircrafts flying with some cloud skies that encountered bird strikes at 10K-15K miles compared to 5K-10K miles? ,44.476,scatter_bird_5_v2heightc_v3sky_v4engine_v5time.png,https://data-visualization-benchmark.s3.us-west-2.amazonaws.com/holf2/images/scatter_bird_5_v2heightc_v3sky_v4engine_v5time.png,make_comparisons,scatter,,,,,open_ended_question,,,,,,,,,,,,,,,0.0,300.0,How much higher is the average speed of aircrafts flying with some cloud skies that encountered bird strikes at 10K-15K miles compared to 5K-10K miles?  & scatter_bird_5_v2heightc_v3sky_v4engine_v5time.png
95,What is the average number of fatalities in northeast + midwest states with populations of 1M-1.5M people? ,271.0,bar_fatal_4_v2popc_v3region_v4age_v5none.png,https://data-visualization-benchmark.s3.us-west-2.amazonaws.com/holf2/images/bar_fatal_4_v2popc_v3region_v4age_v5none.png,retrieve_value,bar,,,,,open_ended_question,,,,,,,,,,,,,,,0.0,600.0,What is the average number of fatalities in northeast + midwest states with populations of 1M-1.5M people?  & bar_fatal_4_v2popc_v3region_v4age_v5none.png
100,"Imagine that you came across a random bird strike event involving skies with no clouds in the history books, which involved an aircraft flying at extremely high altitude (17.5K miles). What would you predict its speed to have been at the time of the bird strike? ",273.333,scatter_bird_5_v2heightc_v3sky_v4engine_v5time.png,https://data-visualization-benchmark.s3.us-west-2.amazonaws.com/holf2/images/scatter_bird_5_v2heightc_v3sky_v4engine_v5time.png,predict_trend,scatter,,,,,open_ended_question,,,,,,,,,,,,,,,0.0,300.0,"Imagine that you came across a random bird strike event involving skies with no clouds in the history books, which involved an aircraft flying at extremely high altitude (17.5K miles). What would you predict its speed to have been at the time of the bird strike?  & scatter_bird_5_v2heightc_v3sky_v4engine_v5time.png"
105,How much higher is the average number of fatalities in southern states with populations of 0.5M-1M people compared to states with populations of 0-0.5M people?,224.5,bar_fatal_4_v2popc_v3region_v4age_v5none.png,https://data-visualization-benchmark.s3.us-west-2.amazonaws.com/holf2/images/bar_fatal_4_v2popc_v3region_v4age_v5none.png,make_comparisons,bar,,,,,open_ended_question,,,,,,,,,,,,,,,0.0,600.0,How much higher is the average number of fatalities in southern states with populations of 0.5M-1M people compared to states with populations of 0-0.5M people? & bar_fatal_4_v2popc_v3region_v4age_v5none.png
108,What is the average number of fatalities in northeast + midwest states with populations of 1M-1.5M people? ,271.0,line_fatal_4_v2popc_v3region_v4age_v5none.png,https://data-visualization-benchmark.s3.us-west-2.amazonaws.com/holf2/images/line_fatal_4_v2popc_v3region_v4age_v5none.png,retrieve_value,line,,,,,open_ended_question,,,,,,,,,,,,,,,0.0,600.0,What is the average number of fatalities in northeast + midwest states with populations of 1M-1.5M people?  & line_fatal_4_v2popc_v3region_v4age_v5none.png
122,What is the average number of fatalities in northeast + midwest states with populations of 1M-1.5M people? ,271.0,line_fatal_3_v2popc_v3region_v4none_v5none.png,https://data-visualization-benchmark.s3.us-west-2.amazonaws.com/holf2/images/line_fatal_3_v2popc_v3region_v4none_v5none.png,retrieve_value,line,,,,,open_ended_question,,,,,,,,,,,,,,,0.0,600.0,What is the average number of fatalities in northeast + midwest states with populations of 1M-1.5M people?  & line_fatal_3_v2popc_v3region_v4none_v5none.png
124,"Imagine that you came across a random west coast state, which had a population of 1.75M people. What would you predict its number of crash fatalities to be? ",738.286,line_fatal_4_v2popc_v3region_v4age_v5none.png,https://data-visualization-benchmark.s3.us-west-2.amazonaws.com/holf2/images/line_fatal_4_v2popc_v3region_v4age_v5none.png,predict_trend,line,,,,,open_ended_question,,,,,,,,,,,,,,,0.0,600.0,"Imagine that you came across a random west coast state, which had a population of 1.75M people. What would you predict its number of crash fatalities to be?  & line_fatal_4_v2popc_v3region_v4age_v5none.png"
126,What is the average speed of aircrafts flying in overcast skies that encountered bird strikes at 0-5K miles?,127.338,scatter_bird_4_v2heightc_v3sky_v4engine_v5none.png,https://data-visualization-benchmark.s3.us-west-2.amazonaws.com/holf2/images/scatter_bird_4_v2heightc_v3sky_v4engine_v5none.png,retrieve_value,scatter,,,,,open_ended_question,,,,,,,,,,,,,,,0.0,300.0,What is the average speed of aircrafts flying in overcast skies that encountered bird strikes at 0-5K miles? & scatter_bird_4_v2heightc_v3sky_v4engine_v5none.png
149,How much higher is the average speed of aircrafts flying with some cloud skies that encountered bird strikes at 10K-15K miles compared to 5K-10K miles? ,44.476,scatter_bird_4_v2heightc_v3sky_v4engine_v5none.png,https://data-visualization-benchmark.s3.us-west-2.amazonaws.com/holf2/images/scatter_bird_4_v2heightc_v3sky_v4engine_v5none.png,make_comparisons,scatter,,,,,open_ended_question,,,,,,,,,,,,,,,0.0,300.0,How much higher is the average speed of aircrafts flying with some cloud skies that encountered bird strikes at 10K-15K miles compared to 5K-10K miles?  & scatter_bird_4_v2heightc_v3sky_v4engine_v5none.png
155,How much higher is the average speed of aircrafts flying with some cloud skies that encountered bird strikes at 10K-15K miles compared to 5K-10K miles? ,44.476,line_bird_5_v2heightc_v3sky_v4engine_v5time.png,https://data-visualization-benchmark.s3.us-west-2.amazonaws.com/holf2/images/line_bird_5_v2heightc_v3sky_v4engine_v5time.png,make_comparisons,line,,,,,open_ended_question,,,,,,,,,,,,,,,0.0,300.0,How much higher is the average speed of aircrafts flying with some cloud skies that encountered bird strikes at 10K-15K miles compared to 5K-10K miles?  & line_bird_5_v2heightc_v3sky_v4engine_v5time.png
180,How much higher is the average number of fatalities in southern states with populations of 0.5M-1M people compared to states with populations of 0-0.5M people?,224.5,bar_fatal_3_v2popc_v3region_v4none_v5none.png,https://data-visualization-benchmark.s3.us-west-2.amazonaws.com/holf2/images/bar_fatal_3_v2popc_v3region_v4none_v5none.png,make_comparisons,bar,,,,,open_ended_question,,,,,,,,,,,,,,,0.0,600.0,How much higher is the average number of fatalities in southern states with populations of 0.5M-1M people compared to states with populations of 0-0.5M people? & bar_fatal_3_v2popc_v3region_v4none_v5none.png
193,"Imagine that you came across a random west coast state, which had a population of 1.75M people. What would you predict its number of crash fatalities to be? ",738.286,line_fatal_3_v2popc_v3region_v4none_v5none.png,https://data-visualization-benchmark.s3.us-west-2.amazonaws.com/holf2/images/line_fatal_3_v2popc_v3region_v4none_v5none.png,predict_trend,line,,,,,open_ended_question,,,,,,,,,,,,,,,0.0,600.0,"Imagine that you came across a random west coast state, which had a population of 1.75M people. What would you predict its number of crash fatalities to be?  & line_fatal_3_v2popc_v3region_v4none_v5none.png"
197,How much higher is the average number of fatalities in southern states with populations of 0.5M-1M people compared to states with populations of 0-0.5M people?,224.5,bar_fatal_5_v2popc_v3region_v4age_v5years.png,https://data-visualization-benchmark.s3.us-west-2.amazonaws.com/holf2/images/bar_fatal_5_v2popc_v3region_v4age_v5years.png,make_comparisons,bar,,,,,open_ended_question,,,,,,,,,,,,,,,0.0,600.0,How much higher is the average number of fatalities in southern states with populations of 0.5M-1M people compared to states with populations of 0-0.5M people? & bar_fatal_5_v2popc_v3region_v4age_v5years.png
198,"Imagine that you came across a random bird strike event involving skies with no clouds in the history books, which involved an aircraft flying at extremely high altitude (17.5K miles). What would you predict its speed to have been at the time of the bird strike? ",273.333,bar_bird_4_v2heightc_v3sky_v4engine_v5none.png,https://data-visualization-benchmark.s3.us-west-2.amazonaws.com/holf2/images/bar_bird_4_v2heightc_v3sky_v4engine_v5none.png,predict_trend,bar,,,,,open_ended_question,,,,,,,,,,,,,,,0.0,300.0,"Imagine that you came across a random bird strike event involving skies with no clouds in the history books, which involved an aircraft flying at extremely high altitude (17.5K miles). What would you predict its speed to have been at the time of the bird strike?  & bar_bird_4_v2heightc_v3sky_v4engine_v5none.png"
200,How much higher is the average speed of aircrafts flying with some cloud skies that encountered bird strikes at 10K-15K miles compared to 5K-10K miles? ,44.476,bar_bird_4_v2heightc_v3sky_v4engine_v5none.png,https://data-visualization-benchmark.s3.us-west-2.amazonaws.com/holf2/images/bar_bird_4_v2heightc_v3sky_v4engine_v5none.png,make_comparisons,bar,,,,,open_ended_question,,,,,,,,,,,,,,,0.0,300.0,How much higher is the average speed of aircrafts flying with some cloud skies that encountered bird strikes at 10K-15K miles compared to 5K-10K miles?  & bar_bird_4_v2heightc_v3sky_v4engine_v5none.png
205,"Imagine that you came across a random west coast state, which had a population of 1.75M people. What would you predict its number of crash fatalities to be? ",738.286,bar_fatal_3_v2popc_v3region_v4none_v5none.png,https://data-visualization-benchmark.s3.us-west-2.amazonaws.com/holf2/images/bar_fatal_3_v2popc_v3region_v4none_v5none.png,predict_trend,bar,,,,,open_ended_question,,,,,,,,,,,,,,,0.0,600.0,"Imagine that you came across a random west coast state, which had a population of 1.75M people. What would you predict its number of crash fatalities to be?  & bar_fatal_3_v2popc_v3region_v4none_v5none.png"
206,"Imagine that you came across a random west coast state, which had a population of 1.75M people. What would you predict its number of crash fatalities to be? ",738.286,bar_fatal_4_v2popc_v3region_v4age_v5none.png,https://data-visualization-benchmark.s3.us-west-2.amazonaws.com/holf2/images/bar_fatal_4_v2popc_v3region_v4age_v5none.png,predict_trend,bar,,,,,open_ended_question,,,,,,,,,,,,,,,0.0,600.0,"Imagine that you came across a random west coast state, which had a population of 1.75M people. What would you predict its number of crash fatalities to be?  & bar_fatal_4_v2popc_v3region_v4age_v5none.png"
213,What is the average speed of aircrafts flying in overcast skies that encountered bird strikes at 0-5K miles?,127.338,bar_bird_4_v2heightc_v3sky_v4engine_v5none.png,https://data-visualization-benchmark.s3.us-west-2.amazonaws.com/holf2/images/bar_bird_4_v2heightc_v3sky_v4engine_v5none.png,retrieve_value,bar,,,,,open_ended_question,,,,,,,,,,,,,,,0.0,300.0,What is the average speed of aircrafts flying in overcast skies that encountered bird strikes at 0-5K miles? & bar_bird_4_v2heightc_v3sky_v4engine_v5none.png
