instructions,description,question,image_file,item_id,agent_type,agent_response,correct_answer,test_type,is_correct
,,What percentage of patients recovered after chemotherapy?,ggr_item1.png,What percentage of patients recovered after chemotherapy?ggr_item1.png,google/pix2struct-chartqa-base,"[6, 11]",35,ggr,0
,,What percentage of patients recovered after chemotherapy?,ggr_item1.png,What percentage of patients recovered after chemotherapy?ggr_item1.png,google/pix2struct-chartqa-base,1.18,35,ggr,0
,,What percentage of patients recovered after chemotherapy?,ggr_item1.png,What percentage of patients recovered after chemotherapy?ggr_item1.png,google/pix2struct-chartqa-base,1,35,ggr,0
,,What percentage of patients recovered after chemotherapy?,ggr_item1.png,What percentage of patients recovered after chemotherapy?ggr_item1.png,google/pix2struct-chartqa-base,1,35,ggr,0
,,What percentage of patients recovered after chemotherapy?,ggr_item1.png,What percentage of patients recovered after chemotherapy?ggr_item1.png,google/pix2struct-chartqa-base,1.18,35,ggr,0
,,"Compared to the placebo, which treatment leads to a larger decrease in the percentage of patients who die?",ggr_item10.png,"Compared to the placebo, which treatment leads to a larger decrease in the percentage of patients who die?ggr_item10.png",google/pix2struct-chartqa-base,"[15.586,  17.06]",They are equal,ggr,0
,,"Compared to the placebo, which treatment leads to a larger decrease in the percentage of patients who die?",ggr_item10.png,"Compared to the placebo, which treatment leads to a larger decrease in the percentage of patients who die?ggr_item10.png",google/pix2struct-chartqa-base,"[1, 3, 14]",They are equal,ggr,0
,,"Compared to the placebo, which treatment leads to a larger decrease in the percentage of patients who die?",ggr_item10.png,"Compared to the placebo, which treatment leads to a larger decrease in the percentage of patients who die?ggr_item10.png",google/pix2struct-chartqa-base,19,They are equal,ggr,0
,,"Compared to the placebo, which treatment leads to a larger decrease in the percentage of patients who die?",ggr_item10.png,"Compared to the placebo, which treatment leads to a larger decrease in the percentage of patients who die?ggr_item10.png",google/pix2struct-chartqa-base,1.02,They are equal,ggr,0
,,"Compared to the placebo, which treatment leads to a larger decrease in the percentage of patients who die?",ggr_item10.png,"Compared to the placebo, which treatment leads to a larger decrease in the percentage of patients who die?ggr_item10.png",google/pix2struct-chartqa-base,14,They are equal,ggr,0
,,Which of the treatments contributes to a larger decrease in the percentage of sick patients?,ggr_item11.png,Which of the treatments contributes to a larger decrease in the percentage of sick patients?ggr_item11.png,google/pix2struct-chartqa-base,1.12,Can't say,ggr,0
,,Which of the treatments contributes to a larger decrease in the percentage of sick patients?,ggr_item11.png,Which of the treatments contributes to a larger decrease in the percentage of sick patients?ggr_item11.png,google/pix2struct-chartqa-base,2,Can't say,ggr,0
,,Which of the treatments contributes to a larger decrease in the percentage of sick patients?,ggr_item11.png,Which of the treatments contributes to a larger decrease in the percentage of sick patients?ggr_item11.png,google/pix2struct-chartqa-base,1.12,Can't say,ggr,0
,,Which of the treatments contributes to a larger decrease in the percentage of sick patients?,ggr_item11.png,Which of the treatments contributes to a larger decrease in the percentage of sick patients?ggr_item11.png,google/pix2struct-chartqa-base,1.12,Can't say,ggr,0
,,Which of the treatments contributes to a larger decrease in the percentage of sick patients?,ggr_item11.png,Which of the treatments contributes to a larger decrease in the percentage of sick patients?ggr_item11.png,google/pix2struct-chartqa-base,9,Can't say,ggr,0
,,What is the percentage of cancer patients who die after chemotherapy?,ggr_item13.png,What is the percentage of cancer patients who die after chemotherapy?ggr_item13.png,google/pix2struct-chartqa-base,1.293055556,50,ggr,0
,,What is the percentage of cancer patients who die after chemotherapy?,ggr_item13.png,What is the percentage of cancer patients who die after chemotherapy?ggr_item13.png,google/pix2struct-chartqa-base,1.56,50,ggr,0
,,What is the percentage of cancer patients who die after chemotherapy?,ggr_item13.png,What is the percentage of cancer patients who die after chemotherapy?ggr_item13.png,google/pix2struct-chartqa-base,1.18,50,ggr,0
,,What is the percentage of cancer patients who die after chemotherapy?,ggr_item13.png,What is the percentage of cancer patients who die after chemotherapy?ggr_item13.png,google/pix2struct-chartqa-base,2.515972222,50,ggr,0
,,What is the percentage of cancer patients who die after chemotherapy?,ggr_item13.png,What is the percentage of cancer patients who die after chemotherapy?ggr_item13.png,google/pix2struct-chartqa-base,1,50,ggr,0
,,What is the difference between the percentage of patients who recovered after a surgery and the percentage of patients who recovered after radiation therapy?,ggr_item2.png,What is the difference between the percentage of patients who recovered after a surgery and the percentage of patients who recovered after radiation therapy?ggr_item2.png,google/pix2struct-chartqa-base,0.5,15,ggr,0
,,What is the difference between the percentage of patients who recovered after a surgery and the percentage of patients who recovered after radiation therapy?,ggr_item2.png,What is the difference between the percentage of patients who recovered after a surgery and the percentage of patients who recovered after radiation therapy?ggr_item2.png,google/pix2struct-chartqa-base,0.5,15,ggr,0
,,What is the difference between the percentage of patients who recovered after a surgery and the percentage of patients who recovered after radiation therapy?,ggr_item2.png,What is the difference between the percentage of patients who recovered after a surgery and the percentage of patients who recovered after radiation therapy?ggr_item2.png,google/pix2struct-chartqa-base,0.555555556,15,ggr,0
,,What is the difference between the percentage of patients who recovered after a surgery and the percentage of patients who recovered after radiation therapy?,ggr_item2.png,What is the difference between the percentage of patients who recovered after a surgery and the percentage of patients who recovered after radiation therapy?ggr_item2.png,google/pix2struct-chartqa-base,0.5,15,ggr,0
,,What is the difference between the percentage of patients who recovered after a surgery and the percentage of patients who recovered after radiation therapy?,ggr_item2.png,What is the difference between the percentage of patients who recovered after a surgery and the percentage of patients who recovered after radiation therapy?ggr_item2.png,google/pix2struct-chartqa-base,0.5,15,ggr,0
,,"Of all the people who die from cancer, approximately what percentage dies from lung cancer?",ggr_item3.png,"Of all the people who die from cancer, approximately what percentage dies from lung cancer?ggr_item3.png",google/pix2struct-chartqa-base,0.5,25,ggr,0
,,"Of all the people who die from cancer, approximately what percentage dies from lung cancer?",ggr_item3.png,"Of all the people who die from cancer, approximately what percentage dies from lung cancer?ggr_item3.png",google/pix2struct-chartqa-base,0.5,25,ggr,0
,,"Of all the people who die from cancer, approximately what percentage dies from lung cancer?",ggr_item3.png,"Of all the people who die from cancer, approximately what percentage dies from lung cancer?ggr_item3.png",google/pix2struct-chartqa-base,0.5,25,ggr,0
,,"Of all the people who die from cancer, approximately what percentage dies from lung cancer?",ggr_item3.png,"Of all the people who die from cancer, approximately what percentage dies from lung cancer?ggr_item3.png",google/pix2struct-chartqa-base,0.5,25,ggr,0
,,"Of all the people who die from cancer, approximately what percentage dies from lung cancer?",ggr_item3.png,"Of all the people who die from cancer, approximately what percentage dies from lung cancer?ggr_item3.png",google/pix2struct-chartqa-base,0.5,25,ggr,0
,,"Approximately what percentage of people who die from cancer die from colon cancer, breast cancer, and prostate cancer taken together?",ggr_item4.png,"Approximately what percentage of people who die from cancer die from colon cancer, breast cancer, and prostate cancer taken together?ggr_item4.png",google/pix2struct-chartqa-base,1.29,25,ggr,0
,,"Approximately what percentage of people who die from cancer die from colon cancer, breast cancer, and prostate cancer taken together?",ggr_item4.png,"Approximately what percentage of people who die from cancer die from colon cancer, breast cancer, and prostate cancer taken together?ggr_item4.png",google/pix2struct-chartqa-base,1.5,25,ggr,0
,,"Approximately what percentage of people who die from cancer die from colon cancer, breast cancer, and prostate cancer taken together?",ggr_item4.png,"Approximately what percentage of people who die from cancer die from colon cancer, breast cancer, and prostate cancer taken together?ggr_item4.png",google/pix2struct-chartqa-base,"[15.586,  17.06]",25,ggr,0
,,"Approximately what percentage of people who die from cancer die from colon cancer, breast cancer, and prostate cancer taken together?",ggr_item4.png,"Approximately what percentage of people who die from cancer die from colon cancer, breast cancer, and prostate cancer taken together?ggr_item4.png",google/pix2struct-chartqa-base,1.5,25,ggr,0
,,"Approximately what percentage of people who die from cancer die from colon cancer, breast cancer, and prostate cancer taken together?",ggr_item4.png,"Approximately what percentage of people who die from cancer die from colon cancer, breast cancer, and prostate cancer taken together?ggr_item4.png",google/pix2struct-chartqa-base,1.39,25,ggr,0
,,Approximately what percentage of people had Adeolitis in the year 2000?,ggr_item5.png,Approximately what percentage of people had Adeolitis in the year 2000?ggr_item5.png,google/pix2struct-chartqa-base,29.9,20,ggr,0
,,Approximately what percentage of people had Adeolitis in the year 2000?,ggr_item5.png,Approximately what percentage of people had Adeolitis in the year 2000?ggr_item5.png,google/pix2struct-chartqa-base,20,20,ggr,1
,,Approximately what percentage of people had Adeolitis in the year 2000?,ggr_item5.png,Approximately what percentage of people had Adeolitis in the year 2000?ggr_item5.png,google/pix2struct-chartqa-base,29.9,20,ggr,0
,,Approximately what percentage of people had Adeolitis in the year 2000?,ggr_item5.png,Approximately what percentage of people had Adeolitis in the year 2000?ggr_item5.png,google/pix2struct-chartqa-base,29.9,20,ggr,0
,,Approximately what percentage of people had Adeolitis in the year 2000?,ggr_item5.png,Approximately what percentage of people had Adeolitis in the year 2000?ggr_item5.png,google/pix2struct-chartqa-base,20,20,ggr,1
,,"According to your best guess, what will the percentage of people with Adeolitis be in the year 2010?",ggr_item7.png,"According to your best guess, what will the percentage of people with Adeolitis be in the year 2010?ggr_item7.png",google/pix2struct-chartqa-base,29.9,25,ggr,0
,,"According to your best guess, what will the percentage of people with Adeolitis be in the year 2010?",ggr_item7.png,"According to your best guess, what will the percentage of people with Adeolitis be in the year 2010?ggr_item7.png",google/pix2struct-chartqa-base,29.6,25,ggr,0
,,"According to your best guess, what will the percentage of people with Adeolitis be in the year 2010?",ggr_item7.png,"According to your best guess, what will the percentage of people with Adeolitis be in the year 2010?ggr_item7.png",google/pix2struct-chartqa-base,30.6,25,ggr,0
,,"According to your best guess, what will the percentage of people with Adeolitis be in the year 2010?",ggr_item7.png,"According to your best guess, what will the percentage of people with Adeolitis be in the year 2010?ggr_item7.png",google/pix2struct-chartqa-base,23.8,25,ggr,0
,,"According to your best guess, what will the percentage of people with Adeolitis be in the year 2010?",ggr_item7.png,"According to your best guess, what will the percentage of people with Adeolitis be in the year 2010?ggr_item7.png",google/pix2struct-chartqa-base,20.3,25,ggr,0
,,"Of 100 patients with disease X, how many are women?",ggr_item8.png,"Of 100 patients with disease X, how many are women?ggr_item8.png",google/pix2struct-chartqa-base,1.16,40,ggr,0
,,"Of 100 patients with disease X, how many are women?",ggr_item8.png,"Of 100 patients with disease X, how many are women?ggr_item8.png",google/pix2struct-chartqa-base,1,40,ggr,0
,,"Of 100 patients with disease X, how many are women?",ggr_item8.png,"Of 100 patients with disease X, how many are women?ggr_item8.png",google/pix2struct-chartqa-base,1,40,ggr,0
,,"Of 100 patients with disease X, how many are women?",ggr_item8.png,"Of 100 patients with disease X, how many are women?ggr_item8.png",google/pix2struct-chartqa-base,1,40,ggr,0
,,"Of 100 patients with disease X, how many are women?",ggr_item8.png,"Of 100 patients with disease X, how many are women?ggr_item8.png",google/pix2struct-chartqa-base,1.18,40,ggr,0
,,How many more men than women are there among 100 patients with disease X?,ggr_item9.png,How many more men than women are there among 100 patients with disease X?ggr_item9.png,google/pix2struct-chartqa-base,96,20,ggr,0
,,How many more men than women are there among 100 patients with disease X?,ggr_item9.png,How many more men than women are there among 100 patients with disease X?ggr_item9.png,google/pix2struct-chartqa-base,3,20,ggr,0
,,How many more men than women are there among 100 patients with disease X?,ggr_item9.png,How many more men than women are there among 100 patients with disease X?ggr_item9.png,google/pix2struct-chartqa-base,25,20,ggr,0
,,How many more men than women are there among 100 patients with disease X?,ggr_item9.png,How many more men than women are there among 100 patients with disease X?ggr_item9.png,google/pix2struct-chartqa-base,"[15.586,  17.06]",20,ggr,0
,,How many more men than women are there among 100 patients with disease X?,ggr_item9.png,How many more men than women are there among 100 patients with disease X?ggr_item9.png,google/pix2struct-chartqa-base,96,20,ggr,0
