instructions,description,question,image_file,item_id,agent_type,agent_response,correct_answer,test_type,is_correct
,,How many miles per hour faster was the fastest storm compared to the slowest storm?,storms_x1name_facetnone_reorderalph_colorgrey20.png,How many miles per hour faster was the fastest storm compared to the slowest storm?storms_x1name_facetnone_reorderalph_colorgrey20.png,google/pix2struct-chartqa-base,30,21.61,holf,0
,,How many miles per hour faster was the fastest storm compared to the slowest storm?,storms_x1name_facetnone_reorderalph_colorgrey20.png,How many miles per hour faster was the fastest storm compared to the slowest storm?storms_x1name_facetnone_reorderalph_colorgrey20.png,google/pix2struct-chartqa-base,30,21.61,holf,0
,,How many miles per hour faster was the fastest storm compared to the slowest storm?,storms_x1name_facetnone_reorderalph_colorgrey20.png,How many miles per hour faster was the fastest storm compared to the slowest storm?storms_x1name_facetnone_reorderalph_colorgrey20.png,google/pix2struct-chartqa-base,30,21.61,holf,0
,,How many miles per hour faster was the fastest storm compared to the slowest storm?,storms_x1name_facetnone_reorderalph_colorgrey20.png,How many miles per hour faster was the fastest storm compared to the slowest storm?storms_x1name_facetnone_reorderalph_colorgrey20.png,google/pix2struct-chartqa-base,30,21.61,holf,0
,,How many miles per hour faster was the fastest storm compared to the slowest storm?,storms_x1name_facetnone_reorderalph_colorgrey20.png,How many miles per hour faster was the fastest storm compared to the slowest storm?storms_x1name_facetnone_reorderalph_colorgrey20.png,google/pix2struct-chartqa-base,30,21.61,holf,0
,,"On average, how much longer does it take women to complete the race relative to men? ",race_x1sex_facetnone_reorderalph_colorgrey20.png,"On average, how much longer does it take women to complete the race relative to men? race_x1sex_facetnone_reorderalph_colorgrey20.png",google/pix2struct-chartqa-base,2.6,0.25,holf,0
,,"On average, how much longer does it take women to complete the race relative to men? ",race_x1sex_facetnone_reorderalph_colorgrey20.png,"On average, how much longer does it take women to complete the race relative to men? race_x1sex_facetnone_reorderalph_colorgrey20.png",google/pix2struct-chartqa-base,2.6,0.25,holf,0
,,"On average, how much longer does it take women to complete the race relative to men? ",race_x1sex_facetnone_reorderalph_colorgrey20.png,"On average, how much longer does it take women to complete the race relative to men? race_x1sex_facetnone_reorderalph_colorgrey20.png",google/pix2struct-chartqa-base,2.6,0.25,holf,0
,,"On average, how much longer does it take women to complete the race relative to men? ",race_x1sex_facetnone_reorderalph_colorgrey20.png,"On average, how much longer does it take women to complete the race relative to men? race_x1sex_facetnone_reorderalph_colorgrey20.png",google/pix2struct-chartqa-base,2.6,0.25,holf,0
,,"On average, how much longer does it take women to complete the race relative to men? ",race_x1sex_facetnone_reorderalph_colorgrey20.png,"On average, how much longer does it take women to complete the race relative to men? race_x1sex_facetnone_reorderalph_colorgrey20.png",google/pix2struct-chartqa-base,2.69,0.25,holf,0
,,"On average, how long does it take women from DC to complete the race?",race_x1sex_facetstate_reorderlarge_to_small_colorgrey20.png,"On average, how long does it take women from DC to complete the race?race_x1sex_facetstate_reorderlarge_to_small_colorgrey20.png",google/pix2struct-chartqa-base,5,1.75,holf,0
,,"On average, how long does it take women from DC to complete the race?",race_x1sex_facetstate_reorderlarge_to_small_colorgrey20.png,"On average, how long does it take women from DC to complete the race?race_x1sex_facetstate_reorderlarge_to_small_colorgrey20.png",google/pix2struct-chartqa-base,5,1.75,holf,0
,,"On average, how long does it take women from DC to complete the race?",race_x1sex_facetstate_reorderlarge_to_small_colorgrey20.png,"On average, how long does it take women from DC to complete the race?race_x1sex_facetstate_reorderlarge_to_small_colorgrey20.png",google/pix2struct-chartqa-base,"[15.5, 6.0]",1.75,holf,0
,,"On average, how long does it take women from DC to complete the race?",race_x1sex_facetstate_reorderlarge_to_small_colorgrey20.png,"On average, how long does it take women from DC to complete the race?race_x1sex_facetstate_reorderlarge_to_small_colorgrey20.png",google/pix2struct-chartqa-base,"[15.5, 6.0]",1.75,holf,0
,,"On average, how long does it take women from DC to complete the race?",race_x1sex_facetstate_reorderlarge_to_small_colorgrey20.png,"On average, how long does it take women from DC to complete the race?race_x1sex_facetstate_reorderlarge_to_small_colorgrey20.png",google/pix2struct-chartqa-base,3.8,1.75,holf,0
,,How many miles per hour faster was the fastest storm compared to the slowest storm?,storms_x1status_facetnone_reorderalph_colorgrey20.png,How many miles per hour faster was the fastest storm compared to the slowest storm?storms_x1status_facetnone_reorderalph_colorgrey20.png,google/pix2struct-chartqa-base,30,21.61,holf,0
,,How many miles per hour faster was the fastest storm compared to the slowest storm?,storms_x1status_facetnone_reorderalph_colorgrey20.png,How many miles per hour faster was the fastest storm compared to the slowest storm?storms_x1status_facetnone_reorderalph_colorgrey20.png,google/pix2struct-chartqa-base,4,21.61,holf,0
,,How many miles per hour faster was the fastest storm compared to the slowest storm?,storms_x1status_facetnone_reorderalph_colorgrey20.png,How many miles per hour faster was the fastest storm compared to the slowest storm?storms_x1status_facetnone_reorderalph_colorgrey20.png,google/pix2struct-chartqa-base,30,21.61,holf,0
,,How many miles per hour faster was the fastest storm compared to the slowest storm?,storms_x1status_facetnone_reorderalph_colorgrey20.png,How many miles per hour faster was the fastest storm compared to the slowest storm?storms_x1status_facetnone_reorderalph_colorgrey20.png,google/pix2struct-chartqa-base,4,21.61,holf,0
,,How many miles per hour faster was the fastest storm compared to the slowest storm?,storms_x1status_facetnone_reorderalph_colorgrey20.png,How many miles per hour faster was the fastest storm compared to the slowest storm?storms_x1status_facetnone_reorderalph_colorgrey20.png,google/pix2struct-chartqa-base,3,21.61,holf,0
,,How much longer does it take runners from the state with the longest times to complete the race compared to runners from the state with the fastest times?,race_x1sex_facetnone_reorderalph_colorgrey20.png,How much longer does it take runners from the state with the longest times to complete the race compared to runners from the state with the fastest times?race_x1sex_facetnone_reorderalph_colorgrey20.png,google/pix2struct-chartqa-base,2.68,0.05,holf,0
,,How much longer does it take runners from the state with the longest times to complete the race compared to runners from the state with the fastest times?,race_x1sex_facetnone_reorderalph_colorgrey20.png,How much longer does it take runners from the state with the longest times to complete the race compared to runners from the state with the fastest times?race_x1sex_facetnone_reorderalph_colorgrey20.png,google/pix2struct-chartqa-base,2,0.05,holf,0
,,How much longer does it take runners from the state with the longest times to complete the race compared to runners from the state with the fastest times?,race_x1sex_facetnone_reorderalph_colorgrey20.png,How much longer does it take runners from the state with the longest times to complete the race compared to runners from the state with the fastest times?race_x1sex_facetnone_reorderalph_colorgrey20.png,google/pix2struct-chartqa-base,2.5,0.05,holf,0
,,How much longer does it take runners from the state with the longest times to complete the race compared to runners from the state with the fastest times?,race_x1sex_facetnone_reorderalph_colorgrey20.png,How much longer does it take runners from the state with the longest times to complete the race compared to runners from the state with the fastest times?race_x1sex_facetnone_reorderalph_colorgrey20.png,google/pix2struct-chartqa-base,2.69,0.05,holf,0
,,How much longer does it take runners from the state with the longest times to complete the race compared to runners from the state with the fastest times?,race_x1sex_facetnone_reorderalph_colorgrey20.png,How much longer does it take runners from the state with the longest times to complete the race compared to runners from the state with the fastest times?race_x1sex_facetnone_reorderalph_colorgrey20.png,google/pix2struct-chartqa-base,2.71,0.05,holf,0
,,"On average, how many miles per hour faster are storms categorized as hurricanes compared to those categorized as tropical depressions?",storms_x1name_facetnone_reorderalph_colorgrey20.png,"On average, how many miles per hour faster are storms categorized as hurricanes compared to those categorized as tropical depressions?storms_x1name_facetnone_reorderalph_colorgrey20.png",google/pix2struct-chartqa-base,30.4,56.29,holf,0
,,"On average, how many miles per hour faster are storms categorized as hurricanes compared to those categorized as tropical depressions?",storms_x1name_facetnone_reorderalph_colorgrey20.png,"On average, how many miles per hour faster are storms categorized as hurricanes compared to those categorized as tropical depressions?storms_x1name_facetnone_reorderalph_colorgrey20.png",google/pix2struct-chartqa-base,30.4,56.29,holf,0
,,"On average, how many miles per hour faster are storms categorized as hurricanes compared to those categorized as tropical depressions?",storms_x1name_facetnone_reorderalph_colorgrey20.png,"On average, how many miles per hour faster are storms categorized as hurricanes compared to those categorized as tropical depressions?storms_x1name_facetnone_reorderalph_colorgrey20.png",google/pix2struct-chartqa-base,30.4,56.29,holf,0
,,"On average, how many miles per hour faster are storms categorized as hurricanes compared to those categorized as tropical depressions?",storms_x1name_facetnone_reorderalph_colorgrey20.png,"On average, how many miles per hour faster are storms categorized as hurricanes compared to those categorized as tropical depressions?storms_x1name_facetnone_reorderalph_colorgrey20.png",google/pix2struct-chartqa-base,30.4,56.29,holf,0
,,"On average, how many miles per hour faster are storms categorized as hurricanes compared to those categorized as tropical depressions?",storms_x1name_facetnone_reorderalph_colorgrey20.png,"On average, how many miles per hour faster are storms categorized as hurricanes compared to those categorized as tropical depressions?storms_x1name_facetnone_reorderalph_colorgrey20.png",google/pix2struct-chartqa-base,30.4,56.29,holf,0
,,"On average, how many miles per hour was Emily when categorized as a hurricane?",storms_x1name_facetnone_reorderalph_colorgrey20.png,"On average, how many miles per hour was Emily when categorized as a hurricane?storms_x1name_facetnone_reorderalph_colorgrey20.png",google/pix2struct-chartqa-base,2.5,85.0,holf,0
,,"On average, how many miles per hour was Emily when categorized as a hurricane?",storms_x1name_facetnone_reorderalph_colorgrey20.png,"On average, how many miles per hour was Emily when categorized as a hurricane?storms_x1name_facetnone_reorderalph_colorgrey20.png",google/pix2struct-chartqa-base,2.31,85.0,holf,0
,,"On average, how many miles per hour was Emily when categorized as a hurricane?",storms_x1name_facetnone_reorderalph_colorgrey20.png,"On average, how many miles per hour was Emily when categorized as a hurricane?storms_x1name_facetnone_reorderalph_colorgrey20.png",google/pix2struct-chartqa-base,4.5,85.0,holf,0
,,"On average, how many miles per hour was Emily when categorized as a hurricane?",storms_x1name_facetnone_reorderalph_colorgrey20.png,"On average, how many miles per hour was Emily when categorized as a hurricane?storms_x1name_facetnone_reorderalph_colorgrey20.png",google/pix2struct-chartqa-base,2.3,85.0,holf,0
,,"On average, how many miles per hour was Emily when categorized as a hurricane?",storms_x1name_facetnone_reorderalph_colorgrey20.png,"On average, how many miles per hour was Emily when categorized as a hurricane?storms_x1name_facetnone_reorderalph_colorgrey20.png",google/pix2struct-chartqa-base,2.38,85.0,holf,0
,,"On average, how many miles per hour are storms categorized as tropical storms?",storms_x1status_facetnone_reorderalph_colorgrey20.png,"On average, how many miles per hour are storms categorized as tropical storms?storms_x1status_facetnone_reorderalph_colorgrey20.png",google/pix2struct-chartqa-base,4.5,43.82,holf,0
,,"On average, how many miles per hour are storms categorized as tropical storms?",storms_x1status_facetnone_reorderalph_colorgrey20.png,"On average, how many miles per hour are storms categorized as tropical storms?storms_x1status_facetnone_reorderalph_colorgrey20.png",google/pix2struct-chartqa-base,4.11,43.82,holf,0
,,"On average, how many miles per hour are storms categorized as tropical storms?",storms_x1status_facetnone_reorderalph_colorgrey20.png,"On average, how many miles per hour are storms categorized as tropical storms?storms_x1status_facetnone_reorderalph_colorgrey20.png",google/pix2struct-chartqa-base,4.5,43.82,holf,0
,,"On average, how many miles per hour are storms categorized as tropical storms?",storms_x1status_facetnone_reorderalph_colorgrey20.png,"On average, how many miles per hour are storms categorized as tropical storms?storms_x1status_facetnone_reorderalph_colorgrey20.png",google/pix2struct-chartqa-base,4.5,43.82,holf,0
,,"On average, how many miles per hour are storms categorized as tropical storms?",storms_x1status_facetnone_reorderalph_colorgrey20.png,"On average, how many miles per hour are storms categorized as tropical storms?storms_x1status_facetnone_reorderalph_colorgrey20.png",google/pix2struct-chartqa-base,4.5,43.82,holf,0
,,"On average, how many miles per hour faster are storms categorized as hurricanes compared to those categorized as tropical depressions?",storms_x1status_facetnone_reorderalph_colorgrey20.png,"On average, how many miles per hour faster are storms categorized as hurricanes compared to those categorized as tropical depressions?storms_x1status_facetnone_reorderalph_colorgrey20.png",google/pix2struct-chartqa-base,34,56.29,holf,0
,,"On average, how many miles per hour faster are storms categorized as hurricanes compared to those categorized as tropical depressions?",storms_x1status_facetnone_reorderalph_colorgrey20.png,"On average, how many miles per hour faster are storms categorized as hurricanes compared to those categorized as tropical depressions?storms_x1status_facetnone_reorderalph_colorgrey20.png",google/pix2struct-chartqa-base,34.6,56.29,holf,0
,,"On average, how many miles per hour faster are storms categorized as hurricanes compared to those categorized as tropical depressions?",storms_x1status_facetnone_reorderalph_colorgrey20.png,"On average, how many miles per hour faster are storms categorized as hurricanes compared to those categorized as tropical depressions?storms_x1status_facetnone_reorderalph_colorgrey20.png",google/pix2struct-chartqa-base,40.5,56.29,holf,0
,,"On average, how many miles per hour faster are storms categorized as hurricanes compared to those categorized as tropical depressions?",storms_x1status_facetnone_reorderalph_colorgrey20.png,"On average, how many miles per hour faster are storms categorized as hurricanes compared to those categorized as tropical depressions?storms_x1status_facetnone_reorderalph_colorgrey20.png",google/pix2struct-chartqa-base,34.6,56.29,holf,0
,,"On average, how many miles per hour faster are storms categorized as hurricanes compared to those categorized as tropical depressions?",storms_x1status_facetnone_reorderalph_colorgrey20.png,"On average, how many miles per hour faster are storms categorized as hurricanes compared to those categorized as tropical depressions?storms_x1status_facetnone_reorderalph_colorgrey20.png",google/pix2struct-chartqa-base,33.39,56.29,holf,0
,,"On average, how long does it take women from DC to complete the race?",race_x1sex_facetnone_reorderalph_colorgrey20.png,"On average, how long does it take women from DC to complete the race?race_x1sex_facetnone_reorderalph_colorgrey20.png",google/pix2struct-chartqa-base,3,1.75,holf,0
,,"On average, how long does it take women from DC to complete the race?",race_x1sex_facetnone_reorderalph_colorgrey20.png,"On average, how long does it take women from DC to complete the race?race_x1sex_facetnone_reorderalph_colorgrey20.png",google/pix2struct-chartqa-base,"[15.5, 17.0]",1.75,holf,0
,,"On average, how long does it take women from DC to complete the race?",race_x1sex_facetnone_reorderalph_colorgrey20.png,"On average, how long does it take women from DC to complete the race?race_x1sex_facetnone_reorderalph_colorgrey20.png",google/pix2struct-chartqa-base,3.5,1.75,holf,0
,,"On average, how long does it take women from DC to complete the race?",race_x1sex_facetnone_reorderalph_colorgrey20.png,"On average, how long does it take women from DC to complete the race?race_x1sex_facetnone_reorderalph_colorgrey20.png",google/pix2struct-chartqa-base,3.95,1.75,holf,0
,,"On average, how long does it take women from DC to complete the race?",race_x1sex_facetnone_reorderalph_colorgrey20.png,"On average, how long does it take women from DC to complete the race?race_x1sex_facetnone_reorderalph_colorgrey20.png",google/pix2struct-chartqa-base,3.9,1.75,holf,0
,,"On average, how long does it take women to complete the race?",race_x1sex_facetnone_reorderalph_colorgrey20.png,"On average, how long does it take women to complete the race?race_x1sex_facetnone_reorderalph_colorgrey20.png",google/pix2struct-chartqa-base,1,1.74,holf,0
,,"On average, how long does it take women to complete the race?",race_x1sex_facetnone_reorderalph_colorgrey20.png,"On average, how long does it take women to complete the race?race_x1sex_facetnone_reorderalph_colorgrey20.png",google/pix2struct-chartqa-base,"[15.586,  17.06]",1.74,holf,0
,,"On average, how long does it take women to complete the race?",race_x1sex_facetnone_reorderalph_colorgrey20.png,"On average, how long does it take women to complete the race?race_x1sex_facetnone_reorderalph_colorgrey20.png",google/pix2struct-chartqa-base,1,1.74,holf,0
,,"On average, how long does it take women to complete the race?",race_x1sex_facetnone_reorderalph_colorgrey20.png,"On average, how long does it take women to complete the race?race_x1sex_facetnone_reorderalph_colorgrey20.png",google/pix2struct-chartqa-base,1,1.74,holf,0
,,"On average, how long does it take women to complete the race?",race_x1sex_facetnone_reorderalph_colorgrey20.png,"On average, how long does it take women to complete the race?race_x1sex_facetnone_reorderalph_colorgrey20.png",google/pix2struct-chartqa-base,"On-site, off-site, by-out, off-site, etc",1.74,holf,0
,,"On average, how much longer does it take women from VA to complete the race compared to women from MD? ",race_x1sex_facetnone_reorderalph_colorgrey20.png,"On average, how much longer does it take women from VA to complete the race compared to women from MD? race_x1sex_facetnone_reorderalph_colorgrey20.png",google/pix2struct-chartqa-base,1.5,0.06,holf,0
,,"On average, how much longer does it take women from VA to complete the race compared to women from MD? ",race_x1sex_facetnone_reorderalph_colorgrey20.png,"On average, how much longer does it take women from VA to complete the race compared to women from MD? race_x1sex_facetnone_reorderalph_colorgrey20.png",google/pix2struct-chartqa-base,1.5,0.06,holf,0
,,"On average, how much longer does it take women from VA to complete the race compared to women from MD? ",race_x1sex_facetnone_reorderalph_colorgrey20.png,"On average, how much longer does it take women from VA to complete the race compared to women from MD? race_x1sex_facetnone_reorderalph_colorgrey20.png",google/pix2struct-chartqa-base,1.5,0.06,holf,0
,,"On average, how much longer does it take women from VA to complete the race compared to women from MD? ",race_x1sex_facetnone_reorderalph_colorgrey20.png,"On average, how much longer does it take women from VA to complete the race compared to women from MD? race_x1sex_facetnone_reorderalph_colorgrey20.png",google/pix2struct-chartqa-base,1.56,0.06,holf,0
,,"On average, how much longer does it take women from VA to complete the race compared to women from MD? ",race_x1sex_facetnone_reorderalph_colorgrey20.png,"On average, how much longer does it take women from VA to complete the race compared to women from MD? race_x1sex_facetnone_reorderalph_colorgrey20.png",google/pix2struct-chartqa-base,3.8,0.06,holf,0
,,How much longer does it take runners from the state with the longest times to complete the race compared to runners from the state with the fastest times?,race_x1sex_facetstate_reorderlarge_to_small_colorgrey20.png,How much longer does it take runners from the state with the longest times to complete the race compared to runners from the state with the fastest times?race_x1sex_facetstate_reorderlarge_to_small_colorgrey20.png,google/pix2struct-chartqa-base,2.71,0.05,holf,0
,,How much longer does it take runners from the state with the longest times to complete the race compared to runners from the state with the fastest times?,race_x1sex_facetstate_reorderlarge_to_small_colorgrey20.png,How much longer does it take runners from the state with the longest times to complete the race compared to runners from the state with the fastest times?race_x1sex_facetstate_reorderlarge_to_small_colorgrey20.png,google/pix2struct-chartqa-base,2.71,0.05,holf,0
,,How much longer does it take runners from the state with the longest times to complete the race compared to runners from the state with the fastest times?,race_x1sex_facetstate_reorderlarge_to_small_colorgrey20.png,How much longer does it take runners from the state with the longest times to complete the race compared to runners from the state with the fastest times?race_x1sex_facetstate_reorderlarge_to_small_colorgrey20.png,google/pix2struct-chartqa-base,2.4,0.05,holf,0
,,How much longer does it take runners from the state with the longest times to complete the race compared to runners from the state with the fastest times?,race_x1sex_facetstate_reorderlarge_to_small_colorgrey20.png,How much longer does it take runners from the state with the longest times to complete the race compared to runners from the state with the fastest times?race_x1sex_facetstate_reorderlarge_to_small_colorgrey20.png,google/pix2struct-chartqa-base,2.39,0.05,holf,0
,,How much longer does it take runners from the state with the longest times to complete the race compared to runners from the state with the fastest times?,race_x1sex_facetstate_reorderlarge_to_small_colorgrey20.png,How much longer does it take runners from the state with the longest times to complete the race compared to runners from the state with the fastest times?race_x1sex_facetstate_reorderlarge_to_small_colorgrey20.png,google/pix2struct-chartqa-base,2.4,0.05,holf,0
,,"On average, how much longer does it take women from VA to complete the race compared to women from MD? ",race_x1sex_facetstate_reorderlarge_to_small_colorgrey20.png,"On average, how much longer does it take women from VA to complete the race compared to women from MD? race_x1sex_facetstate_reorderlarge_to_small_colorgrey20.png",google/pix2struct-chartqa-base,"On average, my watch longer does it tack  uprround the race.4",0.06,holf,0
,,"On average, how much longer does it take women from VA to complete the race compared to women from MD? ",race_x1sex_facetstate_reorderlarge_to_small_colorgrey20.png,"On average, how much longer does it take women from VA to complete the race compared to women from MD? race_x1sex_facetstate_reorderlarge_to_small_colorgrey20.png",google/pix2struct-chartqa-base,1.5,0.06,holf,0
,,"On average, how much longer does it take women from VA to complete the race compared to women from MD? ",race_x1sex_facetstate_reorderlarge_to_small_colorgrey20.png,"On average, how much longer does it take women from VA to complete the race compared to women from MD? race_x1sex_facetstate_reorderlarge_to_small_colorgrey20.png",google/pix2struct-chartqa-base,1.5,0.06,holf,0
,,"On average, how much longer does it take women from VA to complete the race compared to women from MD? ",race_x1sex_facetstate_reorderlarge_to_small_colorgrey20.png,"On average, how much longer does it take women from VA to complete the race compared to women from MD? race_x1sex_facetstate_reorderlarge_to_small_colorgrey20.png",google/pix2struct-chartqa-base,"on average, my watch longer does it take warmer/cooler/hottest/not at all",0.06,holf,0
,,"On average, how much longer does it take women from VA to complete the race compared to women from MD? ",race_x1sex_facetstate_reorderlarge_to_small_colorgrey20.png,"On average, how much longer does it take women from VA to complete the race compared to women from MD? race_x1sex_facetstate_reorderlarge_to_small_colorgrey20.png",google/pix2struct-chartqa-base,"On average, my much longer race doesn't take too much",0.06,holf,0
,,"On average, what is injury severity level of drivers?",accidents_x1decade_facetnone_reorderlarge_to_small_colorgrey20.png,"On average, what is injury severity level of drivers?accidents_x1decade_facetnone_reorderlarge_to_small_colorgrey20.png",google/pix2struct-chartqa-base,0.29,1.78,holf,0
,,"On average, what is injury severity level of drivers?",accidents_x1decade_facetnone_reorderlarge_to_small_colorgrey20.png,"On average, what is injury severity level of drivers?accidents_x1decade_facetnone_reorderlarge_to_small_colorgrey20.png",google/pix2struct-chartqa-base,0.63,1.78,holf,0
,,"On average, what is injury severity level of drivers?",accidents_x1decade_facetnone_reorderlarge_to_small_colorgrey20.png,"On average, what is injury severity level of drivers?accidents_x1decade_facetnone_reorderlarge_to_small_colorgrey20.png",google/pix2struct-chartqa-base,0.9,1.78,holf,0
,,"On average, what is injury severity level of drivers?",accidents_x1decade_facetnone_reorderlarge_to_small_colorgrey20.png,"On average, what is injury severity level of drivers?accidents_x1decade_facetnone_reorderlarge_to_small_colorgrey20.png",google/pix2struct-chartqa-base,0.39,1.78,holf,0
,,"On average, what is injury severity level of drivers?",accidents_x1decade_facetnone_reorderlarge_to_small_colorgrey20.png,"On average, what is injury severity level of drivers?accidents_x1decade_facetnone_reorderlarge_to_small_colorgrey20.png",google/pix2struct-chartqa-base,0. 1,1.78,holf,0
,,"Within women, how much longer does it take runners from the state with the longest times to complete the race compared to runners from the state with the fastest times?",race_x1sex_facetstate_reorderlarge_to_small_colorgrey20.png,"Within women, how much longer does it take runners from the state with the longest times to complete the race compared to runners from the state with the fastest times?race_x1sex_facetstate_reorderlarge_to_small_colorgrey20.png",google/pix2struct-chartqa-base,0.5,0.06,holf,0
,,"Within women, how much longer does it take runners from the state with the longest times to complete the race compared to runners from the state with the fastest times?",race_x1sex_facetstate_reorderlarge_to_small_colorgrey20.png,"Within women, how much longer does it take runners from the state with the longest times to complete the race compared to runners from the state with the fastest times?race_x1sex_facetstate_reorderlarge_to_small_colorgrey20.png",google/pix2struct-chartqa-base,DC,0.06,holf,0
,,"Within women, how much longer does it take runners from the state with the longest times to complete the race compared to runners from the state with the fastest times?",race_x1sex_facetstate_reorderlarge_to_small_colorgrey20.png,"Within women, how much longer does it take runners from the state with the longest times to complete the race compared to runners from the state with the fastest times?race_x1sex_facetstate_reorderlarge_to_small_colorgrey20.png",google/pix2struct-chartqa-base,Whitey,0.06,holf,0
,,"Within women, how much longer does it take runners from the state with the longest times to complete the race compared to runners from the state with the fastest times?",race_x1sex_facetstate_reorderlarge_to_small_colorgrey20.png,"Within women, how much longer does it take runners from the state with the longest times to complete the race compared to runners from the state with the fastest times?race_x1sex_facetstate_reorderlarge_to_small_colorgrey20.png",google/pix2struct-chartqa-base,No,0.06,holf,0
,,"Within women, how much longer does it take runners from the state with the longest times to complete the race compared to runners from the state with the fastest times?",race_x1sex_facetstate_reorderlarge_to_small_colorgrey20.png,"Within women, how much longer does it take runners from the state with the longest times to complete the race compared to runners from the state with the fastest times?race_x1sex_facetstate_reorderlarge_to_small_colorgrey20.png",google/pix2struct-chartqa-base,"[D.C., D.H., W.T., T.C.]",0.06,holf,0
,,"Within women, how much longer does it take runners from the state with the longest times to complete the race compared to runners from the state with the fastest times?",race_x1sex_facetnone_reorderalph_colorgrey20.png,"Within women, how much longer does it take runners from the state with the longest times to complete the race compared to runners from the state with the fastest times?race_x1sex_facetnone_reorderalph_colorgrey20.png",google/pix2struct-chartqa-base,No,0.06,holf,0
,,"Within women, how much longer does it take runners from the state with the longest times to complete the race compared to runners from the state with the fastest times?",race_x1sex_facetnone_reorderalph_colorgrey20.png,"Within women, how much longer does it take runners from the state with the longest times to complete the race compared to runners from the state with the fastest times?race_x1sex_facetnone_reorderalph_colorgrey20.png",google/pix2struct-chartqa-base,London,0.06,holf,0
,,"Within women, how much longer does it take runners from the state with the longest times to complete the race compared to runners from the state with the fastest times?",race_x1sex_facetnone_reorderalph_colorgrey20.png,"Within women, how much longer does it take runners from the state with the longest times to complete the race compared to runners from the state with the fastest times?race_x1sex_facetnone_reorderalph_colorgrey20.png",google/pix2struct-chartqa-base,0.5,0.06,holf,0
,,"Within women, how much longer does it take runners from the state with the longest times to complete the race compared to runners from the state with the fastest times?",race_x1sex_facetnone_reorderalph_colorgrey20.png,"Within women, how much longer does it take runners from the state with the longest times to complete the race compared to runners from the state with the fastest times?race_x1sex_facetnone_reorderalph_colorgrey20.png",google/pix2struct-chartqa-base,No,0.06,holf,0
,,"Within women, how much longer does it take runners from the state with the longest times to complete the race compared to runners from the state with the fastest times?",race_x1sex_facetnone_reorderalph_colorgrey20.png,"Within women, how much longer does it take runners from the state with the longest times to complete the race compared to runners from the state with the fastest times?race_x1sex_facetnone_reorderalph_colorgrey20.png",google/pix2struct-chartqa-base,0.5,0.06,holf,0
,,"Within of injuries involving backseat passengers, how much higher is the injury severity level in the decade with the higher severity compared to the decade with the lower severity? ",accidents_x1decade_facetnone_reorderlarge_to_small_colorgrey20.png,"Within of injuries involving backseat passengers, how much higher is the injury severity level in the decade with the higher severity compared to the decade with the lower severity? accidents_x1decade_facetnone_reorderlarge_to_small_colorgrey20.png",google/pix2struct-chartqa-base,2.95,0.96,holf,0
,,"Within of injuries involving backseat passengers, how much higher is the injury severity level in the decade with the higher severity compared to the decade with the lower severity? ",accidents_x1decade_facetnone_reorderlarge_to_small_colorgrey20.png,"Within of injuries involving backseat passengers, how much higher is the injury severity level in the decade with the higher severity compared to the decade with the lower severity? accidents_x1decade_facetnone_reorderlarge_to_small_colorgrey20.png",google/pix2struct-chartqa-base,3.29,0.96,holf,0
,,"Within of injuries involving backseat passengers, how much higher is the injury severity level in the decade with the higher severity compared to the decade with the lower severity? ",accidents_x1decade_facetnone_reorderlarge_to_small_colorgrey20.png,"Within of injuries involving backseat passengers, how much higher is the injury severity level in the decade with the higher severity compared to the decade with the lower severity? accidents_x1decade_facetnone_reorderlarge_to_small_colorgrey20.png",google/pix2struct-chartqa-base,WIG3,0.96,holf,0
,,"Within of injuries involving backseat passengers, how much higher is the injury severity level in the decade with the higher severity compared to the decade with the lower severity? ",accidents_x1decade_facetnone_reorderlarge_to_small_colorgrey20.png,"Within of injuries involving backseat passengers, how much higher is the injury severity level in the decade with the higher severity compared to the decade with the lower severity? accidents_x1decade_facetnone_reorderlarge_to_small_colorgrey20.png",google/pix2struct-chartqa-base,2.9,0.96,holf,0
,,"Within of injuries involving backseat passengers, how much higher is the injury severity level in the decade with the higher severity compared to the decade with the lower severity? ",accidents_x1decade_facetnone_reorderlarge_to_small_colorgrey20.png,"Within of injuries involving backseat passengers, how much higher is the injury severity level in the decade with the higher severity compared to the decade with the lower severity? accidents_x1decade_facetnone_reorderlarge_to_small_colorgrey20.png",google/pix2struct-chartqa-base,withiki to',0.96,holf,0
,,"On average, what was the injury severity level of drivers in the 1990s?",accidents_x1decade_facetnone_reorderlarge_to_small_colorgrey20.png,"On average, what was the injury severity level of drivers in the 1990s?accidents_x1decade_facetnone_reorderlarge_to_small_colorgrey20.png",google/pix2struct-chartqa-base,3.8,1.71,holf,0
,,"On average, what was the injury severity level of drivers in the 1990s?",accidents_x1decade_facetnone_reorderlarge_to_small_colorgrey20.png,"On average, what was the injury severity level of drivers in the 1990s?accidents_x1decade_facetnone_reorderlarge_to_small_colorgrey20.png",google/pix2struct-chartqa-base,3,1.71,holf,0
,,"On average, what was the injury severity level of drivers in the 1990s?",accidents_x1decade_facetnone_reorderlarge_to_small_colorgrey20.png,"On average, what was the injury severity level of drivers in the 1990s?accidents_x1decade_facetnone_reorderlarge_to_small_colorgrey20.png",google/pix2struct-chartqa-base,0.7,1.71,holf,0
,,"On average, what was the injury severity level of drivers in the 1990s?",accidents_x1decade_facetnone_reorderlarge_to_small_colorgrey20.png,"On average, what was the injury severity level of drivers in the 1990s?accidents_x1decade_facetnone_reorderlarge_to_small_colorgrey20.png",google/pix2struct-chartqa-base,3,1.71,holf,0
,,"On average, what was the injury severity level of drivers in the 1990s?",accidents_x1decade_facetnone_reorderlarge_to_small_colorgrey20.png,"On average, what was the injury severity level of drivers in the 1990s?accidents_x1decade_facetnone_reorderlarge_to_small_colorgrey20.png",google/pix2struct-chartqa-base,3,1.71,holf,0
,,How much higher is the injury severity level of accidents in the decade with the higher severity compared to the lower severity?,accidents_x1decade_facetnone_reorderlarge_to_small_colorgrey20.png,How much higher is the injury severity level of accidents in the decade with the higher severity compared to the lower severity?accidents_x1decade_facetnone_reorderlarge_to_small_colorgrey20.png,google/pix2struct-chartqa-base,13,0.36,holf,0
,,How much higher is the injury severity level of accidents in the decade with the higher severity compared to the lower severity?,accidents_x1decade_facetnone_reorderlarge_to_small_colorgrey20.png,How much higher is the injury severity level of accidents in the decade with the higher severity compared to the lower severity?accidents_x1decade_facetnone_reorderlarge_to_small_colorgrey20.png,google/pix2struct-chartqa-base,13,0.36,holf,0
,,How much higher is the injury severity level of accidents in the decade with the higher severity compared to the lower severity?,accidents_x1decade_facetnone_reorderlarge_to_small_colorgrey20.png,How much higher is the injury severity level of accidents in the decade with the higher severity compared to the lower severity?accidents_x1decade_facetnone_reorderlarge_to_small_colorgrey20.png,google/pix2struct-chartqa-base,13,0.36,holf,0
,,How much higher is the injury severity level of accidents in the decade with the higher severity compared to the lower severity?,accidents_x1decade_facetnone_reorderlarge_to_small_colorgrey20.png,How much higher is the injury severity level of accidents in the decade with the higher severity compared to the lower severity?accidents_x1decade_facetnone_reorderlarge_to_small_colorgrey20.png,google/pix2struct-chartqa-base,10,0.36,holf,0
,,How much higher is the injury severity level of accidents in the decade with the higher severity compared to the lower severity?,accidents_x1decade_facetnone_reorderlarge_to_small_colorgrey20.png,How much higher is the injury severity level of accidents in the decade with the higher severity compared to the lower severity?accidents_x1decade_facetnone_reorderlarge_to_small_colorgrey20.png,google/pix2struct-chartqa-base,15,0.36,holf,0
,,"Within storms categorized as hurricanes, how many more miles per hour was the fastest storm compared to the slowest storm? ",storms_x1status_facetnone_reorderalph_colorgrey20.png,"Within storms categorized as hurricanes, how many more miles per hour was the fastest storm compared to the slowest storm? storms_x1status_facetnone_reorderalph_colorgrey20.png",google/pix2struct-chartqa-base,34,12.08,holf,0
,,"Within storms categorized as hurricanes, how many more miles per hour was the fastest storm compared to the slowest storm? ",storms_x1status_facetnone_reorderalph_colorgrey20.png,"Within storms categorized as hurricanes, how many more miles per hour was the fastest storm compared to the slowest storm? storms_x1status_facetnone_reorderalph_colorgrey20.png",google/pix2struct-chartqa-base,34,12.08,holf,0
,,"Within storms categorized as hurricanes, how many more miles per hour was the fastest storm compared to the slowest storm? ",storms_x1status_facetnone_reorderalph_colorgrey20.png,"Within storms categorized as hurricanes, how many more miles per hour was the fastest storm compared to the slowest storm? storms_x1status_facetnone_reorderalph_colorgrey20.png",google/pix2struct-chartqa-base,34.6,12.08,holf,0
,,"Within storms categorized as hurricanes, how many more miles per hour was the fastest storm compared to the slowest storm? ",storms_x1status_facetnone_reorderalph_colorgrey20.png,"Within storms categorized as hurricanes, how many more miles per hour was the fastest storm compared to the slowest storm? storms_x1status_facetnone_reorderalph_colorgrey20.png",google/pix2struct-chartqa-base,34,12.08,holf,0
,,"Within storms categorized as hurricanes, how many more miles per hour was the fastest storm compared to the slowest storm? ",storms_x1status_facetnone_reorderalph_colorgrey20.png,"Within storms categorized as hurricanes, how many more miles per hour was the fastest storm compared to the slowest storm? storms_x1status_facetnone_reorderalph_colorgrey20.png",google/pix2struct-chartqa-base,34,12.08,holf,0
,,"Within storms categorized as hurricanes, how many more miles per hour was the fastest storm compared to the slowest storm? ",storms_x1name_facetnone_reorderalph_colorgrey20.png,"Within storms categorized as hurricanes, how many more miles per hour was the fastest storm compared to the slowest storm? storms_x1name_facetnone_reorderalph_colorgrey20.png",google/pix2struct-chartqa-base,34,12.08,holf,0
,,"Within storms categorized as hurricanes, how many more miles per hour was the fastest storm compared to the slowest storm? ",storms_x1name_facetnone_reorderalph_colorgrey20.png,"Within storms categorized as hurricanes, how many more miles per hour was the fastest storm compared to the slowest storm? storms_x1name_facetnone_reorderalph_colorgrey20.png",google/pix2struct-chartqa-base,34,12.08,holf,0
,,"Within storms categorized as hurricanes, how many more miles per hour was the fastest storm compared to the slowest storm? ",storms_x1name_facetnone_reorderalph_colorgrey20.png,"Within storms categorized as hurricanes, how many more miles per hour was the fastest storm compared to the slowest storm? storms_x1name_facetnone_reorderalph_colorgrey20.png",google/pix2struct-chartqa-base,34,12.08,holf,0
,,"Within storms categorized as hurricanes, how many more miles per hour was the fastest storm compared to the slowest storm? ",storms_x1name_facetnone_reorderalph_colorgrey20.png,"Within storms categorized as hurricanes, how many more miles per hour was the fastest storm compared to the slowest storm? storms_x1name_facetnone_reorderalph_colorgrey20.png",google/pix2struct-chartqa-base,34,12.08,holf,0
,,"Within storms categorized as hurricanes, how many more miles per hour was the fastest storm compared to the slowest storm? ",storms_x1name_facetnone_reorderalph_colorgrey20.png,"Within storms categorized as hurricanes, how many more miles per hour was the fastest storm compared to the slowest storm? storms_x1name_facetnone_reorderalph_colorgrey20.png",google/pix2struct-chartqa-base,34,12.08,holf,0
,,"On average, how long does it take women to complete the race?",race_x1sex_facetstate_reorderlarge_to_small_colorgrey20.png,"On average, how long does it take women to complete the race?race_x1sex_facetstate_reorderlarge_to_small_colorgrey20.png",google/pix2struct-chartqa-base,1,1.74,holf,0
,,"On average, how long does it take women to complete the race?",race_x1sex_facetstate_reorderlarge_to_small_colorgrey20.png,"On average, how long does it take women to complete the race?race_x1sex_facetstate_reorderlarge_to_small_colorgrey20.png",google/pix2struct-chartqa-base,1,1.74,holf,0
,,"On average, how long does it take women to complete the race?",race_x1sex_facetstate_reorderlarge_to_small_colorgrey20.png,"On average, how long does it take women to complete the race?race_x1sex_facetstate_reorderlarge_to_small_colorgrey20.png",google/pix2struct-chartqa-base,1,1.74,holf,0
,,"On average, how long does it take women to complete the race?",race_x1sex_facetstate_reorderlarge_to_small_colorgrey20.png,"On average, how long does it take women to complete the race?race_x1sex_facetstate_reorderlarge_to_small_colorgrey20.png",google/pix2struct-chartqa-base,1,1.74,holf,0
,,"On average, how long does it take women to complete the race?",race_x1sex_facetstate_reorderlarge_to_small_colorgrey20.png,"On average, how long does it take women to complete the race?race_x1sex_facetstate_reorderlarge_to_small_colorgrey20.png",google/pix2struct-chartqa-base,1,1.74,holf,0
,,"On average, how much higher are the injury severity levels of drivers compared to backseat passengers in the 1990s?",accidents_x1decade_facetnone_reorderlarge_to_small_colorgrey20.png,"On average, how much higher are the injury severity levels of drivers compared to backseat passengers in the 1990s?accidents_x1decade_facetnone_reorderlarge_to_small_colorgrey20.png",google/pix2struct-chartqa-base,0.53,0.21,holf,0
,,"On average, how much higher are the injury severity levels of drivers compared to backseat passengers in the 1990s?",accidents_x1decade_facetnone_reorderlarge_to_small_colorgrey20.png,"On average, how much higher are the injury severity levels of drivers compared to backseat passengers in the 1990s?accidents_x1decade_facetnone_reorderlarge_to_small_colorgrey20.png",google/pix2struct-chartqa-base,0.19,0.21,holf,0
,,"On average, how much higher are the injury severity levels of drivers compared to backseat passengers in the 1990s?",accidents_x1decade_facetnone_reorderlarge_to_small_colorgrey20.png,"On average, how much higher are the injury severity levels of drivers compared to backseat passengers in the 1990s?accidents_x1decade_facetnone_reorderlarge_to_small_colorgrey20.png",google/pix2struct-chartqa-base,0.53,0.21,holf,0
,,"On average, how much higher are the injury severity levels of drivers compared to backseat passengers in the 1990s?",accidents_x1decade_facetnone_reorderlarge_to_small_colorgrey20.png,"On average, how much higher are the injury severity levels of drivers compared to backseat passengers in the 1990s?accidents_x1decade_facetnone_reorderlarge_to_small_colorgrey20.png",google/pix2struct-chartqa-base,0.625,0.21,holf,0
,,"On average, how much higher are the injury severity levels of drivers compared to backseat passengers in the 1990s?",accidents_x1decade_facetnone_reorderlarge_to_small_colorgrey20.png,"On average, how much higher are the injury severity levels of drivers compared to backseat passengers in the 1990s?accidents_x1decade_facetnone_reorderlarge_to_small_colorgrey20.png",google/pix2struct-chartqa-base,0.53,0.21,holf,0
,,"On average, how many miles per hour was Emily when categorized as a hurricane?",storms_x1status_facetnone_reorderalph_colorgrey20.png,"On average, how many miles per hour was Emily when categorized as a hurricane?storms_x1status_facetnone_reorderalph_colorgrey20.png",google/pix2struct-chartqa-base,29.6,85.0,holf,0
,,"On average, how many miles per hour was Emily when categorized as a hurricane?",storms_x1status_facetnone_reorderalph_colorgrey20.png,"On average, how many miles per hour was Emily when categorized as a hurricane?storms_x1status_facetnone_reorderalph_colorgrey20.png",google/pix2struct-chartqa-base,23.35,85.0,holf,0
,,"On average, how many miles per hour was Emily when categorized as a hurricane?",storms_x1status_facetnone_reorderalph_colorgrey20.png,"On average, how many miles per hour was Emily when categorized as a hurricane?storms_x1status_facetnone_reorderalph_colorgrey20.png",google/pix2struct-chartqa-base,2.31,85.0,holf,0
,,"On average, how many miles per hour was Emily when categorized as a hurricane?",storms_x1status_facetnone_reorderalph_colorgrey20.png,"On average, how many miles per hour was Emily when categorized as a hurricane?storms_x1status_facetnone_reorderalph_colorgrey20.png",google/pix2struct-chartqa-base,29.6,85.0,holf,0
,,"On average, how many miles per hour was Emily when categorized as a hurricane?",storms_x1status_facetnone_reorderalph_colorgrey20.png,"On average, how many miles per hour was Emily when categorized as a hurricane?storms_x1status_facetnone_reorderalph_colorgrey20.png",google/pix2struct-chartqa-base,29.6,85.0,holf,0
,,"On average, how much higher is the injury severity level of backseat passengers compared to drivers?",accidents_x1decade_facetnone_reorderlarge_to_small_colorgrey20.png,"On average, how much higher is the injury severity level of backseat passengers compared to drivers?accidents_x1decade_facetnone_reorderlarge_to_small_colorgrey20.png",google/pix2struct-chartqa-base,25,0.31,holf,0
,,"On average, how much higher is the injury severity level of backseat passengers compared to drivers?",accidents_x1decade_facetnone_reorderlarge_to_small_colorgrey20.png,"On average, how much higher is the injury severity level of backseat passengers compared to drivers?accidents_x1decade_facetnone_reorderlarge_to_small_colorgrey20.png",google/pix2struct-chartqa-base,4.5,0.31,holf,0
,,"On average, how much higher is the injury severity level of backseat passengers compared to drivers?",accidents_x1decade_facetnone_reorderlarge_to_small_colorgrey20.png,"On average, how much higher is the injury severity level of backseat passengers compared to drivers?accidents_x1decade_facetnone_reorderlarge_to_small_colorgrey20.png",google/pix2struct-chartqa-base,0.5,0.31,holf,0
,,"On average, how much higher is the injury severity level of backseat passengers compared to drivers?",accidents_x1decade_facetnone_reorderlarge_to_small_colorgrey20.png,"On average, how much higher is the injury severity level of backseat passengers compared to drivers?accidents_x1decade_facetnone_reorderlarge_to_small_colorgrey20.png",google/pix2struct-chartqa-base,4.5,0.31,holf,0
,,"On average, how much higher is the injury severity level of backseat passengers compared to drivers?",accidents_x1decade_facetnone_reorderlarge_to_small_colorgrey20.png,"On average, how much higher is the injury severity level of backseat passengers compared to drivers?accidents_x1decade_facetnone_reorderlarge_to_small_colorgrey20.png",google/pix2struct-chartqa-base,0.5,0.31,holf,0
,,"On average, how much longer does it take women to complete the race relative to men? ",race_x1sex_facetstate_reorderlarge_to_small_colorgrey20.png,"On average, how much longer does it take women to complete the race relative to men? race_x1sex_facetstate_reorderlarge_to_small_colorgrey20.png",google/pix2struct-chartqa-base,5.93,0.25,holf,0
,,"On average, how much longer does it take women to complete the race relative to men? ",race_x1sex_facetstate_reorderlarge_to_small_colorgrey20.png,"On average, how much longer does it take women to complete the race relative to men? race_x1sex_facetstate_reorderlarge_to_small_colorgrey20.png",google/pix2struct-chartqa-base,5.7,0.25,holf,0
,,"On average, how much longer does it take women to complete the race relative to men? ",race_x1sex_facetstate_reorderlarge_to_small_colorgrey20.png,"On average, how much longer does it take women to complete the race relative to men? race_x1sex_facetstate_reorderlarge_to_small_colorgrey20.png",google/pix2struct-chartqa-base,5.6,0.25,holf,0
,,"On average, how much longer does it take women to complete the race relative to men? ",race_x1sex_facetstate_reorderlarge_to_small_colorgrey20.png,"On average, how much longer does it take women to complete the race relative to men? race_x1sex_facetstate_reorderlarge_to_small_colorgrey20.png",google/pix2struct-chartqa-base,5.6,0.25,holf,0
,,"On average, how much longer does it take women to complete the race relative to men? ",race_x1sex_facetstate_reorderlarge_to_small_colorgrey20.png,"On average, how much longer does it take women to complete the race relative to men? race_x1sex_facetstate_reorderlarge_to_small_colorgrey20.png",google/pix2struct-chartqa-base,5.6,0.25,holf,0
,,"On average, how many miles per hour faster was Hurricane Alberto compared to Hurricane Claudette?",storms_x1status_facetnone_reorderalph_colorgrey20.png,"On average, how many miles per hour faster was Hurricane Alberto compared to Hurricane Claudette?storms_x1status_facetnone_reorderalph_colorgrey20.png",google/pix2struct-chartqa-base,3.6,2.0,holf,0
,,"On average, how many miles per hour faster was Hurricane Alberto compared to Hurricane Claudette?",storms_x1status_facetnone_reorderalph_colorgrey20.png,"On average, how many miles per hour faster was Hurricane Alberto compared to Hurricane Claudette?storms_x1status_facetnone_reorderalph_colorgrey20.png",google/pix2struct-chartqa-base,3.6,2.0,holf,0
,,"On average, how many miles per hour faster was Hurricane Alberto compared to Hurricane Claudette?",storms_x1status_facetnone_reorderalph_colorgrey20.png,"On average, how many miles per hour faster was Hurricane Alberto compared to Hurricane Claudette?storms_x1status_facetnone_reorderalph_colorgrey20.png",google/pix2struct-chartqa-base,3.6,2.0,holf,0
,,"On average, how many miles per hour faster was Hurricane Alberto compared to Hurricane Claudette?",storms_x1status_facetnone_reorderalph_colorgrey20.png,"On average, how many miles per hour faster was Hurricane Alberto compared to Hurricane Claudette?storms_x1status_facetnone_reorderalph_colorgrey20.png",google/pix2struct-chartqa-base,3.33,2.0,holf,0
,,"On average, how many miles per hour faster was Hurricane Alberto compared to Hurricane Claudette?",storms_x1status_facetnone_reorderalph_colorgrey20.png,"On average, how many miles per hour faster was Hurricane Alberto compared to Hurricane Claudette?storms_x1status_facetnone_reorderalph_colorgrey20.png",google/pix2struct-chartqa-base,30.5,2.0,holf,0
,,"On average, how many miles per hour faster was Hurricane Alberto compared to Hurricane Claudette?",storms_x1name_facetnone_reorderalph_colorgrey20.png,"On average, how many miles per hour faster was Hurricane Alberto compared to Hurricane Claudette?storms_x1name_facetnone_reorderalph_colorgrey20.png",google/pix2struct-chartqa-base,30.6,2.0,holf,0
,,"On average, how many miles per hour faster was Hurricane Alberto compared to Hurricane Claudette?",storms_x1name_facetnone_reorderalph_colorgrey20.png,"On average, how many miles per hour faster was Hurricane Alberto compared to Hurricane Claudette?storms_x1name_facetnone_reorderalph_colorgrey20.png",google/pix2struct-chartqa-base,30.5,2.0,holf,0
,,"On average, how many miles per hour faster was Hurricane Alberto compared to Hurricane Claudette?",storms_x1name_facetnone_reorderalph_colorgrey20.png,"On average, how many miles per hour faster was Hurricane Alberto compared to Hurricane Claudette?storms_x1name_facetnone_reorderalph_colorgrey20.png",google/pix2struct-chartqa-base,30.5,2.0,holf,0
,,"On average, how many miles per hour faster was Hurricane Alberto compared to Hurricane Claudette?",storms_x1name_facetnone_reorderalph_colorgrey20.png,"On average, how many miles per hour faster was Hurricane Alberto compared to Hurricane Claudette?storms_x1name_facetnone_reorderalph_colorgrey20.png",google/pix2struct-chartqa-base,30.6,2.0,holf,0
,,"On average, how many miles per hour faster was Hurricane Alberto compared to Hurricane Claudette?",storms_x1name_facetnone_reorderalph_colorgrey20.png,"On average, how many miles per hour faster was Hurricane Alberto compared to Hurricane Claudette?storms_x1name_facetnone_reorderalph_colorgrey20.png",google/pix2struct-chartqa-base,30.5,2.0,holf,0
,,"On average, how many miles per hour are storms categorized as tropical storms?",storms_x1name_facetnone_reorderalph_colorgrey20.png,"On average, how many miles per hour are storms categorized as tropical storms?storms_x1name_facetnone_reorderalph_colorgrey20.png",google/pix2struct-chartqa-base,4.5,43.82,holf,0
,,"On average, how many miles per hour are storms categorized as tropical storms?",storms_x1name_facetnone_reorderalph_colorgrey20.png,"On average, how many miles per hour are storms categorized as tropical storms?storms_x1name_facetnone_reorderalph_colorgrey20.png",google/pix2struct-chartqa-base,,43.82,holf,0
,,"On average, how many miles per hour are storms categorized as tropical storms?",storms_x1name_facetnone_reorderalph_colorgrey20.png,"On average, how many miles per hour are storms categorized as tropical storms?storms_x1name_facetnone_reorderalph_colorgrey20.png",google/pix2struct-chartqa-base,4.66,43.82,holf,0
,,"On average, how many miles per hour are storms categorized as tropical storms?",storms_x1name_facetnone_reorderalph_colorgrey20.png,"On average, how many miles per hour are storms categorized as tropical storms?storms_x1name_facetnone_reorderalph_colorgrey20.png",google/pix2struct-chartqa-base,4.5,43.82,holf,0
,,"On average, how many miles per hour are storms categorized as tropical storms?",storms_x1name_facetnone_reorderalph_colorgrey20.png,"On average, how many miles per hour are storms categorized as tropical storms?storms_x1name_facetnone_reorderalph_colorgrey20.png",google/pix2struct-chartqa-base,4.5,43.82,holf,0
