Unnamed: 0,image_file,question,mc1,mc2,mc3,mc4,correct_answer,misleader_type,chart_type,misleading_answer,task_category,misleading_answer_2,image_link,text_input_type,task_category_2,task_category_3,correct_answer_2
0,T1.png,Do U.S. states have a more similar number of sunny days in the summer or in the winter?,Summer,Winter,Cannot be inferred / Inadequate Information,,Cannot be inferred / Inadequate Information,Manipulation of Scales - Inappropriate Scale Range,Choropleth map,Summer,Make Comparisons,,https://data-visualization-benchmark.s3.us-west-2.amazonaws.com/calvi/images/T1.png,multiple_choice_question,,,
1,T2.png,Do U.S. states have a more similar number of windy days in the summer or in the winter?,Summer,Winter,Cannot be inferred / Inadequate Information,,Cannot be inferred / Inadequate Information,Manipulation of Scales - Inappropriate Scale Range,Choropleth map,Winter,Make Comparisons,,https://data-visualization-benchmark.s3.us-west-2.amazonaws.com/calvi/images/T2.png,multiple_choice_question,,,
2,T3.png,What is the number of concert tickets sold on Aug 10 as a proportion of that on Aug 11?,20%,40%,60%,80%,80%,Manipulation of Scales - Inappropriate Scale Range,Bar chart,60%,Make Comparisons,,https://data-visualization-benchmark.s3.us-west-2.amazonaws.com/calvi/images/T3.png,multiple_choice_question,,,
3,T4.png,What is the price of water bottle from store A as a proportion of that from store B?,17%,25%,50%,90%,90%,Manipulation of Scales - Inappropriate Scale Range,Bar chart,17%,Make Comparisons,,https://data-visualization-benchmark.s3.us-west-2.amazonaws.com/calvi/images/T4.png,multiple_choice_question,,,
4,T5.png,"On May 06 in city Z, what is the number of visitors at train station B as a proportion of that at train station C?",25%,33%,75%,100%,33%,Manipulation of Scales - Inappropriate Scale Range,Stacked bar chart,100%,Make Comparisons,,https://data-visualization-benchmark.s3.us-west-2.amazonaws.com/calvi/images/T5.png,multiple_choice_question,,,
5,T6.png,What is the trend for the percentage of bacteria Z from 1970 to 2020?,Generally increasing,Generally decreasing,Generally constant,Cannot be inferred / Inadequate Information,Generally increasing,Manipulation of Scales - Inappropriate Scale Range,Line chart,Generally constant,Find Correlations/Trends,,https://data-visualization-benchmark.s3.us-west-2.amazonaws.com/calvi/images/T6.png,multiple_choice_question,,,Cannot be inferred / inadequate information
6,T8.png,"Approximately, what is the total number of visitors at amusement park B as a proportion of that at amusement park C from May to December?",33%,67%,100%,200%,33%,Manipulation of Scales - Inappropriate Scale Range,Stacked area chart,200%,Make Comparisons,,https://data-visualization-benchmark.s3.us-west-2.amazonaws.com/calvi/images/T8.png,multiple_choice_question,,,
7,T9.png,"Approximately, what is brand C’s total sales as a proportion of brand B’s total sales from Jan 01 to Mar 15?",20%,50%,60%,90%,60%,Manipulation of Scales - Inappropriate Scale Range,Stacked area chart,20%,Make Comparisons,,https://data-visualization-benchmark.s3.us-west-2.amazonaws.com/calvi/images/T9.png,multiple_choice_question,,,
8,T10.png,True or False: Predatory species Z is more prevalent in NC than in AZ.,TRUE,FALSE,Cannot be inferred / Inadequate Information,,FALSE,Manipulation of Scales - Unconventional Scale Directions,Choropleth map,TRUE,Make Comparisons,,https://data-visualization-benchmark.s3.us-west-2.amazonaws.com/calvi/images/T10.png,multiple_choice_question,,,
9,T11.png,True or False: WY has a higher risk of bacteria Z infection than ND.,TRUE,FALSE,Cannot be inferred / Inadequate Information,,TRUE,Manipulation of Scales - Unconventional Scale Directions,Choropleth map,FALSE,Make Comparisons,,https://data-visualization-benchmark.s3.us-west-2.amazonaws.com/calvi/images/T11.png,multiple_choice_question,,,
10,T12.png,True or False: The annual number of trees planted in town Z has been increasing from 1960 to 1980.,TRUE,FALSE,Cannot be inferred / Inadequate Information,,FALSE,Manipulation of Scales - Unconventional Scale Directions,Bar chart,TRUE,Find Correlations/Trends,,https://data-visualization-benchmark.s3.us-west-2.amazonaws.com/calvi/images/T12.png,multiple_choice_question,,,
11,T13.png,What is the trend of the number of bookstores in city Z from 2000 to 2020?,Increasing,Decreasing,Constant,,Increasing,Manipulation of Scales - Unconventional Scale Directions,Bar chart,Decreasing,Find Correlations/Trends,,https://data-visualization-benchmark.s3.us-west-2.amazonaws.com/calvi/images/T13.png,multiple_choice_question,,,
12,T14.png,Which of the following is true about the annual number of new movies released in city X?,There were more new movies released in 1992 than in 1994.,2000 had the most number of new movies released.,There were more new movies released in 1996 than in 1995.,None of the above.,There were more new movies released in 1992 than in 1994.,Manipulation of Scales - Unconventional Scale Directions,Line chart,2000 had the most number of new movies released.,Make Comparisons,There were more new movies released in 1996 than in 1995.,https://data-visualization-benchmark.s3.us-west-2.amazonaws.com/calvi/images/T14.png,multiple_choice_question,Find Extremum,,
13,T15.png,What is the trend of the total sales for item X from Apr to Aug?,"Decreasing, then increasing","Increasing, then decreasing",Cannot be inferred / Inadequate Information,,"Increasing, then decreasing",Manipulation of Scales - Unconventional Scale Directions,Line chart,"Decreasing, then increasing",Find Correlations/Trends,,https://data-visualization-benchmark.s3.us-west-2.amazonaws.com/calvi/images/T15.png,multiple_choice_question,,,
14,T16.png,What is the trend of the total number of apples harvested in farm X from Jan 11 to Jan 14?,"Increasing, then decreasing","Decreasing, then increasing",Cannot be inferred / Inadequate Information,,"Decreasing, then increasing",Manipulation of Scales - Unconventional Scale Directions,Area chart,"Increasing, then decreasing",Find Correlations/Trends,,https://data-visualization-benchmark.s3.us-west-2.amazonaws.com/calvi/images/T16.png,multiple_choice_question,,,
15,T17.png,What is the trend of the growth for plant species P as the number of hours of sunlight exposure per month increases?,Generally increases,Generally decreases,Generally constant,Cannot be inferred / Inadequate Information,Generally decreases,Manipulation of Scales - Unconventional Scale Directions,Scatterplot,Generally increases,Find Correlations/Trends,,https://data-visualization-benchmark.s3.us-west-2.amazonaws.com/calvi/images/T17.png,multiple_choice_question,,,
16,T18.png,Which of the following is true about company Z?,More employees have vacation days at D than those at A.,More employees have a satisfaction rating at B than those who have a rating at C.,Employee satisfaction rating decreases as the annual number of vacation days increases.,None of the above.,More employees have vacation days at D than those at A.,Manipulation of Scales - Unconventional Scale Directions,Scatterplot,More employees have a satisfaction rating at B than those who have a rating at C.,Make Comparisons,,https://data-visualization-benchmark.s3.us-west-2.amazonaws.com/calvi/images/T18.png,multiple_choice_question,Find Correlations/Trends,,
17,T19.png,What is the trend of the survival rate as weight increases for species Z?,Generally increases,Generally decreases,Generally constant,Cannot be inferred / Inadequate Information,Generally increases,Manipulation of Scales - Unconventional Scale Directions,Scatterplot,Generally decreases,Find Correlations/Trends,,https://data-visualization-benchmark.s3.us-west-2.amazonaws.com/calvi/images/T19.png,multiple_choice_question,,,
18,T20.png,Which of the following is true about the prevalence of the plant species Y?,It is more prevalent in region D than in E.,It is less prevalent in region B than in C.,It is more prevalent in region C than in A.,It is less prevalent in region C than in D.,It is less prevalent in region C than in D.,Manipulation of Scales - Inappropriate Order,Choropleth map,It is more prevalent in region C than in A.,Make Comparisons,,https://data-visualization-benchmark.s3.us-west-2.amazonaws.com/calvi/images/T20.png,multiple_choice_question,,,
19,T21.png,"Assuming today is May 10 and given the chart below, which statement about rainfall (mm) is true for the past 14 days?",The amount of rainfall peaked at the end of the past 14 days.,There was more rainfall at the beginning than at the end of the past 14 days.,None of the days had lower than 40mm of rainfall.,The amount of rainfall peaked at the beginning of the past 14 days.,There was more rainfall at the beginning than at the end of the past 14 days.,Manipulation of Scales - Inappropriate Order,Bar chart,The amount of rainfall peaked at the end of the past 14 days.,Find Extremum,,https://data-visualization-benchmark.s3.us-west-2.amazonaws.com/calvi/images/T21.png,multiple_choice_question,Make Comparisons,,
20,T22.png,True or False: The number of visitors at airport X is decreasing from 2000 to 2005.,TRUE,FALSE,Cannot be inferred / Inadequate Information,,FALSE,Manipulation of Scales - Inappropriate Order,Line chart,TRUE,Find Correlations/Trends,,https://data-visualization-benchmark.s3.us-west-2.amazonaws.com/calvi/images/T22.png,multiple_choice_question,,,
21,T23.png,Is the total number of shirts sold by company Z in the first half of 2021 higher than that in the second half?,Yes,No,Cannot be inferred / Inadequate Information,,No,Manipulation of Scales - Inappropriate Order,Area chart,Yes,Find Correlations/Trends,,https://data-visualization-benchmark.s3.us-west-2.amazonaws.com/calvi/images/T23.png,multiple_choice_question,,,
22,T25.png,Which of the following is true about the three brands of shampoo in city Y from 2001 to 2005?,The market share of brand C is on an increasing trend from 2001 to 2005.,The market share of brand C is higher in 2001 than in 2002.,Brand B had the largest market share in 2001 compared to its market share in the other years.,None of the above.,The market share of brand C is higher in 2001 than in 2002.,Manipulation of Scales - Inappropriate Order,100% stacked bar chart,The market share of brand C is on an increasing trend from 2001 to 2005.,Find Correlations/Trends,,https://data-visualization-benchmark.s3.us-west-2.amazonaws.com/calvi/images/T25.png,multiple_choice_question,Make Comparisons,Find Extremum,"Brand B has the largest market share in 2001 compared to its market share in the other years."
23,T26.png,"Approximately, what is the number of votes for candidate A as a proportion of those for candidate B?",50%,60%,70%,80%,80%,Manipulation of Scales - Inappropriate Use of Scale Functions,Bar chart,50%,Make Comparisons,,https://data-visualization-benchmark.s3.us-west-2.amazonaws.com/calvi/images/T26.png,multiple_choice_question,,,
24,T27.png,True or False: GDP per capita for country Z grew faster from 2000 to 2003 than from 2005 to 2008.,TRUE,FALSE,Cannot be inferred / Inadequate Information,,TRUE,Manipulation of Scales - Inappropriate Use of Scale Functions,Line chart,FALSE,Find Correlations/Trends,,https://data-visualization-benchmark.s3.us-west-2.amazonaws.com/calvi/images/T27.png,multiple_choice_question,Make Comparisons,,
25,T28.png,Does cell phone brand A have more than half of the total market share?,Yes,No,Cannot be inferred / Inadequate Information,,Cannot be inferred / Inadequate Information,Manipulation of Scales - Inappropriate Use of Scale Functions,Pie Chart,Yes,Make Comparisons,No,https://data-visualization-benchmark.s3.us-west-2.amazonaws.com/calvi/images/T28.png,multiple_choice_question,,,
26,T29.png,Are there more households with exactly 1 car than households with exactly 2 cars?,Yes,No,Cannot be inferred / Inadequate Information,,Cannot be inferred / Inadequate Information,Manipulation of Scales - Inappropriate Use of Scale Functions,Pie Chart,No,Make Comparisons,Yes,https://data-visualization-benchmark.s3.us-west-2.amazonaws.com/calvi/images/T29.png,multiple_choice_question,,,
27,T30.png,Was the average amount of precipitation over 15 years in region D higher than that in region C?,Yes,No,Cannot be inferred / Inadequate Information,,Cannot be inferred / Inadequate Information,Missing Data,Choropleth Map,Yes,Make Comparisons,,https://data-visualization-benchmark.s3.us-west-2.amazonaws.com/calvi/images/T30.png,multiple_choice_question,,,
28,T34.png,"Company A sells a board game. Assuming today is Jun 01, 2022, which of the following statements is true?",2004 has more copies sold than 2003.,Copies sold per year fell sharply in 2022.,Copies sold per year has been strictly increasing since 2003.,None of the above.,None of the above.,Inappropriate Aggregation,Line chart,Copied sold per year fell sharply in 2022.,Make Comparisons,,https://data-visualization-benchmark.s3.us-west-2.amazonaws.com/calvi/images/T34.png,multiple_choice_question,Find Correlations/Trends,,
29,T35.png,"Assuming today is Feb 20, 2022, which of the following is true about the vegetables planted by the three farms?",All three farms planted more vegetables in 2022 than they did in the previous years.,All three farms planted fewer vegetables in 2022 than they did in the previous years.,All three farms planted about the same amount of vegetables in 2022 than they did in the previous years.,None of the above.,None of the above.,Inappropriate Aggregation,Stacked bar chart,All three farms planted fewer vegetables in 2022 than they did in previous years.,Make Comparisons,,https://data-visualization-benchmark.s3.us-west-2.amazonaws.com/calvi/images/T35.png,multiple_choice_question,,,
30,T36.png,"Assuming today is Apr 10, 2022, did the total number of cars parked in the three parking lots fall sharply in 2022?",Yes,No,Cannot be inferred / Inadequate Information,,Cannot be inferred / Inadequate Information,Inappropriate Aggregation,Stacked bar chart,Yes,Make Comparisons,,https://data-visualization-benchmark.s3.us-west-2.amazonaws.com/calvi/images/T36.png,multiple_choice_question,,,
31,T37.png,"Assuming today is May 01, 2022, which of the following statements is true?",Company Z had more new employees in 2018 than in 2020.,The number of new employees per year fell sharply in 2022.,The total number of employees in company Z decreased in 2022.,None of the above.,None of the above.,Inappropriate Aggregation,Area chart,The number of new employees per year fell sharply in 2022.,Make Comparisons,,https://data-visualization-benchmark.s3.us-west-2.amazonaws.com/calvi/images/T37.png,multiple_choice_question,Find Correlations/Trends,,
32,T38.png,"True or False: Within each town, is there a negative relationship between average daily working hours and happiness score?",TRUE,FALSE,Cannot be inferred / Inadequate Information,,FALSE,Inappropriate Aggregation,Scatterplot,TRUE,Find Correlations/Trends,,https://data-visualization-benchmark.s3.us-west-2.amazonaws.com/calvi/images/T38.png,multiple_choice_question,,,
33,T39.png,"Within each city, is there a positive relationship between salary and average daily working hours?",Yes,No,Cannot be inferred / Inadequate Information,,Cannot be inferred / Inadequate Information,Inappropriate Aggregation,Scatterplot,Yes,Find Correlations/Trends,,https://data-visualization-benchmark.s3.us-west-2.amazonaws.com/calvi/images/T39.png,multiple_choice_question,,,
34,T40.png,Does any members of species C weigh more than 5 lbs?,Yes,No,Cannot be inferred / Inadequate Information,,Cannot be inferred / Inadequate Information,Overplotting,Scatterplot,No,Retrieve Value,,https://data-visualization-benchmark.s3.us-west-2.amazonaws.com/calvi/images/T40.png,multiple_choice_question,,,
35,T42.png,"Which region had the highest number of confirmed cases per 1,000 people?",A,B,C,Cannot be inferred / inadequate information,Cannot be inferred / inadequate information,Missing Normalization,Choropleth map,B,Make Comparisons,,https://data-visualization-benchmark.s3.us-west-2.amazonaws.com/calvi/images/T42.png,multiple_choice_question,,,
36,T43.png,What is the trend of sales in gift shop A from Jan to Dec?,Generally increasing,Generally decreasing,Generally constant,Cannot be inferred / inadequate information,Cannot be inferred / inadequate information,Cherry Picking,Line chart,Generally increasing,Find Correlations/Trends,,https://data-visualization-benchmark.s3.us-west-2.amazonaws.com/calvi/images/T43.png,multiple_choice_question,,,
37,T44.png,What is the trend of the average price of books from 1960 to 2020 in city Z?,Generally increasing,Generally decreasing,Generally constant,Cannot be inferred / inadequate information,Cannot be inferred / inadequate information,Cherry Picking,Line chart,Generally constant,Find Correlations/Trends,,https://data-visualization-benchmark.s3.us-west-2.amazonaws.com/calvi/images/T44.png,multiple_choice_question,,,
38,T45.png,"Assuming today is May 01, and half of the votes from each state for a favorite ice cream brand have been counted. The color of each state corresponds to the brand that has received the most votes in that state so far. The brand with the most number of colored states will be the most popular brand, and the results will be finalized on May 15. Which of the following is true?",A will be the most popular brand of ice cream.,B will be the least popular brand of ice cream.,C will be the most popular brand of ice cream.,Too early to say.,Too early to say.,Concealed Uncertainty,Choropleth map,A will be the most popular brand of ice cream.,Make Predictions,,https://data-visualization-benchmark.s3.us-west-2.amazonaws.com/calvi/images/T45.png,multiple_choice_question,,,
39,T46.png,"True or False: If the temperature gets higher than 100°F, then the bottles of water sold must be greater than 750.",TRUE,FALSE,Cannot be inferred / Inadequate Information,,FALSE,Concealed Uncertainty,Scatterplot,TRUE,Make Predictions,,https://data-visualization-benchmark.s3.us-west-2.amazonaws.com/calvi/images/T46.png,multiple_choice_question,,,
40,T47.png,True or False: More than half of the people in county Z prefer reading at night.,TRUE,FALSE,Cannot be inferred / Inadequate Information,,FALSE,Misleading Annotations,Pie chart,TRUE,Make Comparisons,,https://data-visualization-benchmark.s3.us-west-2.amazonaws.com/calvi/images/T47.png,multiple_choice_question,,,
41,T48.png,"The residents of town Y are voting on a favorite hiking trail, and half of the votes have been counted. The poll closes on Sep 01, 2022. Which of the following is true?",Hiking trail A will be voted as the favorite trail.,Hiking trail B will be voted as the favorite trail.,Hiking trail C will be voted as the favorite trail.,Too early to say.,Too early to say.,Concealed Uncertainty,Bar chart,Hiking trail A will be voted as the favorite trail.,Make Predictions,,https://data-visualization-benchmark.s3.us-west-2.amazonaws.com/calvi/images/T48.png,multiple_choice_question,,,
42,T49.png,"In town X, what is the approximate average number of customers at mall A from Jan to Mar?",200,300,400,500,400,Misleading Annotations,Bar chart,300,Aggregate Values,,https://data-visualization-benchmark.s3.us-west-2.amazonaws.com/calvi/images/T49.png,multiple_choice_question,,,
43,T50.png,"In city Z, what is the approximate average number of new buildings built from 1950 to 1952?",20,30,40,50,40,Misleading Annotations,Scatterplot,30,Aggregate Values,,https://data-visualization-benchmark.s3.us-west-2.amazonaws.com/calvi/images/T50.png,multiple_choice_question,,,
44,T52.png,True or False: Monthly sales for store B is increasing from Jan to Dec.,TRUE,FALSE,Cannot be inferred / Inadequate Information,,FALSE,Misleading Annotations,Line chart,TRUE,Find Correlations/Trends,,https://data-visualization-benchmark.s3.us-west-2.amazonaws.com/calvi/images/T52.png,multiple_choice_question,,,
