Unnamed: 0,image_file,question,mc1,mc2,mc3,mc4,correct_answer,misleader_type,chart_type,misleading_answer,task_category,misleading_answer_2,image_link,text_input_type,task_category_2,task_category_3,correct_answer_2
45,N1.png,What is the number of visitors at theater A as a proportion of that at theater B in 2001?,40%,50%,60%,70%,50%,,Bar chart,,Make Comparisons,,https://data-visualization-benchmark.s3.us-west-2.amazonaws.com/calvi/images/N1.png,multiple_choice_question,,,
46,N2.png,Which statement about the daily number of traffic accidents from Jan 01 to Jan 15 in state Z is true?,It was higher on Jan 08 than Jan 07.,It increased from Jan 11 to Jan 15.,All of the days had more than 25 accidents.,It decreased from Jan 03 to Jan 07.,It increased from Jan 11 to Jan 15.,,Bar chart,,Make Comparisons,,https://data-visualization-benchmark.s3.us-west-2.amazonaws.com/calvi/images/N2.png,multiple_choice_question,Find Correlations/Trends,,
47,N3.png,Which of the following statements is true about the customers at the three bike shops in city Z?,"On Jul 02, shop B had more customers than A and C combined.",The number of customers at shop C decreased from Jul 01 to Jul 03.,The number of customers at shop A increased from Jul 01 to Jul 03.,None of the above.,"On Jul 02, shop B had more customers than A and C combined.",,Stacked bar chart,,Make Comparisons,,https://data-visualization-benchmark.s3.us-west-2.amazonaws.com/calvi/images/N3.png,multiple_choice_question,Find Correlations/Trends,,
48,N4.png,"Which of the following is true about the advertising expense breakdown of company Z in countries A, B, and C?",Advertising expense for TV & radio was higher than that from social media in country A.,"In country C, company Z had less advertising expense for direct mail than the other two methods.",Company Z had the highest total advertising expense in country B.,None of the above.,"In country C, company Z had less advertising expense for direct mail than the other two methods.",,Stacked bar chart,,Make Comparisons,,https://data-visualization-benchmark.s3.us-west-2.amazonaws.com/calvi/images/N4.png,multiple_choice_question,Find Extremum,,
49,N5.png,Which of the following is true about the four brands of perfume in city Z?,The market share of brand D is on an increasing trend from 2011 to 2015.,The market share of brand A is higher in 2011 than in 2012.,"In 2013, brand B had the largest market share among all four brands.",None of the above.,"In 2013, brand B had the largest market share among all four brands.",,100% stacked bar chart,,Find Correlations/Trends,,https://data-visualization-benchmark.s3.us-west-2.amazonaws.com/calvi/images/N5.png,multiple_choice_question,Make Comparisons,Find Extremum,
50,N6.png,Which of the following about the monthly number of new clients is true?,It decreased from Mar to Jun for company A.,It is higher in Feb for company B than company A.,It increased from Sep to Dec for company B.,None of the above.,It increased from Sep to Dec for company B.,,Line chart,,Find Correlations/Trends,,https://data-visualization-benchmark.s3.us-west-2.amazonaws.com/calvi/images/N6.png,multiple_choice_question,Make Comparisons,,
51,N7.png,What is the trend of the monthly number of new restaurant openings in county Y in 2000?,"Increasing, then decreasing","Decreasing, then increasing",Cannot be inferred / inadequate information,,"Increasing, then decreasing",,Line chart,,Find Correlations/Trends,,https://data-visualization-benchmark.s3.us-west-2.amazonaws.com/calvi/images/N7.png,multiple_choice_question,,,
52,N8.png,Is the total number of beers consumed by person Z in the first half of 2005 higher than that in the second half?,Yes,No,Cannot be inferred / inadequate information,,Yes,,Area chart,,Make Comparisons,,https://data-visualization-benchmark.s3.us-west-2.amazonaws.com/calvi/images/N8.png,multiple_choice_question,Aggregate Values,,
53,N9.png,"Approximately, what is store C's total sales as a proportion of store B's total sales in 1995?",40%,60%,80%,100%,100%,,Stacked bar chart,,Make Comparisons,,https://data-visualization-benchmark.s3.us-west-2.amazonaws.com/calvi/images/N9.png,multiple_choice_question,,,
54,N10.png,Is there a positive relationship between SAT score and annual family income for students in city Z?,Yes,No,Cannot be inferred / inadequate information,,Yes,,Scatterplot,,Find Correlations/Trends,,https://data-visualization-benchmark.s3.us-west-2.amazonaws.com/calvi/images/N10.png,multiple_choice_question,,,
55,N11.png,Which of the following is true about the residents in towns X and Y?,There is a negative relationship between sleep quality score and average weekly hours spent outdoors for town X.,There is a positive relationship between sleep quality score and average weekly hours spent outdoors for town Y.,Most residents in town X spend more than 6 hours outdoors every week.,None of the above.,There is a positive relationship between sleep quality score and average weekly hours spent outdoors for town Y.,,Scatterplot,,Find Correlations/Trends,,https://data-visualization-benchmark.s3.us-west-2.amazonaws.com/calvi/images/N11.png,multiple_choice_question,Make Comparisons,,
56,N12.png,Which of the following is true about the market share of grocery stores in town Z?,Store A has less than half of the total market share.,Store C has a higher market share than store B.,Store B has the second highest market share.,None of the above.,Store B has the second highest market share.,,Pie chart,,Make Comparisons,,https://data-visualization-benchmark.s3.us-west-2.amazonaws.com/calvi/images/N12.png,multiple_choice_question,,,
57,N13.png,Which of the following is true about the education level of residents in city Z?,More than 60% of residents have a Bachelor's degree or above.,The majority of residents have a graduate degree.,There are fewer residents whose education level is Associate degree than those with a high school degree.,None of the above.,More than 60% of residents have a Bachelor's degree or above.,,Pie chart,,Make Comparisons,,https://data-visualization-benchmark.s3.us-west-2.amazonaws.com/calvi/images/N13.png,multiple_choice_question,,,
58,N14.png,Which of the following states has the highest number of Lego owners?,AZ,NV,TN,Cannot be inferred / inadequate information,AZ,,Choropleth map,,Make Comparisons,,https://data-visualization-benchmark.s3.us-west-2.amazonaws.com/calvi/images/N14.png,multiple_choice_question,,,
59,N15.png,Which of the following is true about Restaurant R?,It is more popular in region E than in D.,It is less popular in region A than in C.,It is more popular in region B than in C.,It is less popular in region C than in D.,It is less popular in region A than in C.,,Choropleth map,,Make Comparisons,,https://data-visualization-benchmark.s3.us-west-2.amazonaws.com/calvi/images/N15.png,multiple_choice_question,,,
