instructions,description,question,image_file,item_id,agent_type,agent_response,correct_answer,test_type,is_correct
"The first part of this study consists of multiple choice questions associated with visualizations, and you will be asked to choose the best answer for each question. You are required to provide an answer to the current question. Your answer must be one of the choices provided.
",,Which of the following statements is true about the customers at the three bike shops in city Z?,N3.png,Which of the following statements is true about the customers at the three bike shops in city Z?N3.png,google/pix2struct-chartqa-base,48,"On Jul 02, shop B had more customers than A and C combined.",calvi-standard,0
"The first part of this study consists of multiple choice questions associated with visualizations, and you will be asked to choose the best answer for each question. You are required to provide an answer to the current question. Your answer must be one of the choices provided.
",,Which of the following statements is true about the customers at the three bike shops in city Z?,N3.png,Which of the following statements is true about the customers at the three bike shops in city Z?N3.png,google/pix2struct-chartqa-base,64,"On Jul 02, shop B had more customers than A and C combined.",calvi-standard,0
"The first part of this study consists of multiple choice questions associated with visualizations, and you will be asked to choose the best answer for each question. You are required to provide an answer to the current question. Your answer must be one of the choices provided.
",,Which of the following statements is true about the customers at the three bike shops in city Z?,N3.png,Which of the following statements is true about the customers at the three bike shops in city Z?N3.png,google/pix2struct-chartqa-base,0.43,"On Jul 02, shop B had more customers than A and C combined.",calvi-standard,0
"The first part of this study consists of multiple choice questions associated with visualizations, and you will be asked to choose the best answer for each question. You are required to provide an answer to the current question. Your answer must be one of the choices provided.
",,Which of the following statements is true about the customers at the three bike shops in city Z?,N3.png,Which of the following statements is true about the customers at the three bike shops in city Z?N3.png,google/pix2struct-chartqa-base,4,"On Jul 02, shop B had more customers than A and C combined.",calvi-standard,0
"The first part of this study consists of multiple choice questions associated with visualizations, and you will be asked to choose the best answer for each question. You are required to provide an answer to the current question. Your answer must be one of the choices provided.
",,Which of the following statements is true about the customers at the three bike shops in city Z?,N3.png,Which of the following statements is true about the customers at the three bike shops in city Z?N3.png,google/pix2struct-chartqa-base,0.371,"On Jul 02, shop B had more customers than A and C combined.",calvi-standard,0
"The first part of this study consists of multiple choice questions associated with visualizations, and you will be asked to choose the best answer for each question. You are required to provide an answer to the current question. Your answer must be one of the choices provided.
",,Which of the following is true about the four brands of perfume in city Z?,N5.png,Which of the following is true about the four brands of perfume in city Z?N5.png,google/pix2struct-chartqa-base,1.12,"In 2013, brand B had the largest market share among all four brands.",calvi-standard,0
"The first part of this study consists of multiple choice questions associated with visualizations, and you will be asked to choose the best answer for each question. You are required to provide an answer to the current question. Your answer must be one of the choices provided.
",,Which of the following is true about the four brands of perfume in city Z?,N5.png,Which of the following is true about the four brands of perfume in city Z?N5.png,google/pix2struct-chartqa-base,19,"In 2013, brand B had the largest market share among all four brands.",calvi-standard,0
"The first part of this study consists of multiple choice questions associated with visualizations, and you will be asked to choose the best answer for each question. You are required to provide an answer to the current question. Your answer must be one of the choices provided.
",,Which of the following is true about the four brands of perfume in city Z?,N5.png,Which of the following is true about the four brands of perfume in city Z?N5.png,google/pix2struct-chartqa-base,5,"In 2013, brand B had the largest market share among all four brands.",calvi-standard,0
"The first part of this study consists of multiple choice questions associated with visualizations, and you will be asked to choose the best answer for each question. You are required to provide an answer to the current question. Your answer must be one of the choices provided.
",,Which of the following is true about the four brands of perfume in city Z?,N5.png,Which of the following is true about the four brands of perfume in city Z?N5.png,google/pix2struct-chartqa-base,0.5,"In 2013, brand B had the largest market share among all four brands.",calvi-standard,0
"The first part of this study consists of multiple choice questions associated with visualizations, and you will be asked to choose the best answer for each question. You are required to provide an answer to the current question. Your answer must be one of the choices provided.
",,Which of the following is true about the four brands of perfume in city Z?,N5.png,Which of the following is true about the four brands of perfume in city Z?N5.png,google/pix2struct-chartqa-base,On the whole,"In 2013, brand B had the largest market share among all four brands.",calvi-standard,0
"The first part of this study consists of multiple choice questions associated with visualizations, and you will be asked to choose the best answer for each question. You are required to provide an answer to the current question. Your answer must be one of the choices provided.
",,Which of the following about the monthly number of new clients is true?,N6.png,Which of the following about the monthly number of new clients is true?N6.png,google/pix2struct-chartqa-base,5,It increased from Sep to Dec for company B.,calvi-standard,0
"The first part of this study consists of multiple choice questions associated with visualizations, and you will be asked to choose the best answer for each question. You are required to provide an answer to the current question. Your answer must be one of the choices provided.
",,Which of the following about the monthly number of new clients is true?,N6.png,Which of the following about the monthly number of new clients is true?N6.png,google/pix2struct-chartqa-base,No,It increased from Sep to Dec for company B.,calvi-standard,0
"The first part of this study consists of multiple choice questions associated with visualizations, and you will be asked to choose the best answer for each question. You are required to provide an answer to the current question. Your answer must be one of the choices provided.
",,Which of the following about the monthly number of new clients is true?,N6.png,Which of the following about the monthly number of new clients is true?N6.png,google/pix2struct-chartqa-base,5,It increased from Sep to Dec for company B.,calvi-standard,0
"The first part of this study consists of multiple choice questions associated with visualizations, and you will be asked to choose the best answer for each question. You are required to provide an answer to the current question. Your answer must be one of the choices provided.
",,Which of the following about the monthly number of new clients is true?,N6.png,Which of the following about the monthly number of new clients is true?N6.png,google/pix2struct-chartqa-base,5,It increased from Sep to Dec for company B.,calvi-standard,0
"The first part of this study consists of multiple choice questions associated with visualizations, and you will be asked to choose the best answer for each question. You are required to provide an answer to the current question. Your answer must be one of the choices provided.
",,Which of the following about the monthly number of new clients is true?,N6.png,Which of the following about the monthly number of new clients is true?N6.png,google/pix2struct-chartqa-base,1.6,It increased from Sep to Dec for company B.,calvi-standard,0
"The first part of this study consists of multiple choice questions associated with visualizations, and you will be asked to choose the best answer for each question. You are required to provide an answer to the current question. Your answer must be one of the choices provided.
",,Which of the following is true about the education level of residents in city Z?,N13.png,Which of the following is true about the education level of residents in city Z?N13.png,google/pix2struct-chartqa-base,0.6,More than 60% of residents have a Bachelor's degree or above.,calvi-standard,0
"The first part of this study consists of multiple choice questions associated with visualizations, and you will be asked to choose the best answer for each question. You are required to provide an answer to the current question. Your answer must be one of the choices provided.
",,Which of the following is true about the education level of residents in city Z?,N13.png,Which of the following is true about the education level of residents in city Z?N13.png,google/pix2struct-chartqa-base,5,More than 60% of residents have a Bachelor's degree or above.,calvi-standard,0
"The first part of this study consists of multiple choice questions associated with visualizations, and you will be asked to choose the best answer for each question. You are required to provide an answer to the current question. Your answer must be one of the choices provided.
",,Which of the following is true about the education level of residents in city Z?,N13.png,Which of the following is true about the education level of residents in city Z?N13.png,google/pix2struct-chartqa-base,0.6,More than 60% of residents have a Bachelor's degree or above.,calvi-standard,0
"The first part of this study consists of multiple choice questions associated with visualizations, and you will be asked to choose the best answer for each question. You are required to provide an answer to the current question. Your answer must be one of the choices provided.
",,Which of the following is true about the education level of residents in city Z?,N13.png,Which of the following is true about the education level of residents in city Z?N13.png,google/pix2struct-chartqa-base,0.6,More than 60% of residents have a Bachelor's degree or above.,calvi-standard,0
"The first part of this study consists of multiple choice questions associated with visualizations, and you will be asked to choose the best answer for each question. You are required to provide an answer to the current question. Your answer must be one of the choices provided.
",,Which of the following is true about the education level of residents in city Z?,N13.png,Which of the following is true about the education level of residents in city Z?N13.png,google/pix2struct-chartqa-base,6,More than 60% of residents have a Bachelor's degree or above.,calvi-standard,0
"The first part of this study consists of multiple choice questions associated with visualizations, and you will be asked to choose the best answer for each question. You are required to provide an answer to the current question. Your answer must be one of the choices provided.
",,Which of the following is true about Restaurant R?,N15.png,Which of the following is true about Restaurant R?N15.png,google/pix2struct-chartqa-base,1.5,It is less popular in region A than in C.,calvi-standard,0
"The first part of this study consists of multiple choice questions associated with visualizations, and you will be asked to choose the best answer for each question. You are required to provide an answer to the current question. Your answer must be one of the choices provided.
",,Which of the following is true about Restaurant R?,N15.png,Which of the following is true about Restaurant R?N15.png,google/pix2struct-chartqa-base,1.5,It is less popular in region A than in C.,calvi-standard,0
"The first part of this study consists of multiple choice questions associated with visualizations, and you will be asked to choose the best answer for each question. You are required to provide an answer to the current question. Your answer must be one of the choices provided.
",,Which of the following is true about Restaurant R?,N15.png,Which of the following is true about Restaurant R?N15.png,google/pix2struct-chartqa-base,1.5,It is less popular in region A than in C.,calvi-standard,0
"The first part of this study consists of multiple choice questions associated with visualizations, and you will be asked to choose the best answer for each question. You are required to provide an answer to the current question. Your answer must be one of the choices provided.
",,Which of the following is true about Restaurant R?,N15.png,Which of the following is true about Restaurant R?N15.png,google/pix2struct-chartqa-base,1.5,It is less popular in region A than in C.,calvi-standard,0
"The first part of this study consists of multiple choice questions associated with visualizations, and you will be asked to choose the best answer for each question. You are required to provide an answer to the current question. Your answer must be one of the choices provided.
",,Which of the following is true about Restaurant R?,N15.png,Which of the following is true about Restaurant R?N15.png,google/pix2struct-chartqa-base,1.5,It is less popular in region A than in C.,calvi-standard,0
