instructions,description,question,image_file,item_id,agent_type,agent_response,correct_answer,test_type,is_correct
"The first part of this study consists of multiple choice questions associated with visualizations, and you will be asked to choose the best answer for each question. You are required to provide an answer to the current question. Your answer must be one of the choices provided.
",,Do U.S. states have a more similar number of sunny days in the summer or in the winter?,T1.png,Do U.S. states have a more similar number of sunny days in the summer or in the winter?T1.png,google/pix2struct-chartqa-base,Yes,Cannot be inferred / Inadequate Information,calvi-trick,0
"The first part of this study consists of multiple choice questions associated with visualizations, and you will be asked to choose the best answer for each question. You are required to provide an answer to the current question. Your answer must be one of the choices provided.
",,Do U.S. states have a more similar number of sunny days in the summer or in the winter?,T1.png,Do U.S. states have a more similar number of sunny days in the summer or in the winter?T1.png,google/pix2struct-chartqa-base,19,Cannot be inferred / Inadequate Information,calvi-trick,0
"The first part of this study consists of multiple choice questions associated with visualizations, and you will be asked to choose the best answer for each question. You are required to provide an answer to the current question. Your answer must be one of the choices provided.
",,Do U.S. states have a more similar number of sunny days in the summer or in the winter?,T1.png,Do U.S. states have a more similar number of sunny days in the summer or in the winter?T1.png,google/pix2struct-chartqa-base,19,Cannot be inferred / Inadequate Information,calvi-trick,0
"The first part of this study consists of multiple choice questions associated with visualizations, and you will be asked to choose the best answer for each question. You are required to provide an answer to the current question. Your answer must be one of the choices provided.
",,Do U.S. states have a more similar number of sunny days in the summer or in the winter?,T1.png,Do U.S. states have a more similar number of sunny days in the summer or in the winter?T1.png,google/pix2struct-chartqa-base,19,Cannot be inferred / Inadequate Information,calvi-trick,0
"The first part of this study consists of multiple choice questions associated with visualizations, and you will be asked to choose the best answer for each question. You are required to provide an answer to the current question. Your answer must be one of the choices provided.
",,Do U.S. states have a more similar number of sunny days in the summer or in the winter?,T1.png,Do U.S. states have a more similar number of sunny days in the summer or in the winter?T1.png,google/pix2struct-chartqa-base,19,Cannot be inferred / Inadequate Information,calvi-trick,0
"The first part of this study consists of multiple choice questions associated with visualizations, and you will be asked to choose the best answer for each question. You are required to provide an answer to the current question. Your answer must be one of the choices provided.
",,Do U.S. states have a more similar number of windy days in the summer or in the winter?,T2.png,Do U.S. states have a more similar number of windy days in the summer or in the winter?T2.png,google/pix2struct-chartqa-base,No,Cannot be inferred / Inadequate Information,calvi-trick,0
"The first part of this study consists of multiple choice questions associated with visualizations, and you will be asked to choose the best answer for each question. You are required to provide an answer to the current question. Your answer must be one of the choices provided.
",,Do U.S. states have a more similar number of windy days in the summer or in the winter?,T2.png,Do U.S. states have a more similar number of windy days in the summer or in the winter?T2.png,google/pix2struct-chartqa-base,16,Cannot be inferred / Inadequate Information,calvi-trick,0
"The first part of this study consists of multiple choice questions associated with visualizations, and you will be asked to choose the best answer for each question. You are required to provide an answer to the current question. Your answer must be one of the choices provided.
",,Do U.S. states have a more similar number of windy days in the summer or in the winter?,T2.png,Do U.S. states have a more similar number of windy days in the summer or in the winter?T2.png,google/pix2struct-chartqa-base,No,Cannot be inferred / Inadequate Information,calvi-trick,0
"The first part of this study consists of multiple choice questions associated with visualizations, and you will be asked to choose the best answer for each question. You are required to provide an answer to the current question. Your answer must be one of the choices provided.
",,Do U.S. states have a more similar number of windy days in the summer or in the winter?,T2.png,Do U.S. states have a more similar number of windy days in the summer or in the winter?T2.png,google/pix2struct-chartqa-base,Yes,Cannot be inferred / Inadequate Information,calvi-trick,0
"The first part of this study consists of multiple choice questions associated with visualizations, and you will be asked to choose the best answer for each question. You are required to provide an answer to the current question. Your answer must be one of the choices provided.
",,Do U.S. states have a more similar number of windy days in the summer or in the winter?,T2.png,Do U.S. states have a more similar number of windy days in the summer or in the winter?T2.png,google/pix2struct-chartqa-base,18,Cannot be inferred / Inadequate Information,calvi-trick,0
"The first part of this study consists of multiple choice questions associated with visualizations, and you will be asked to choose the best answer for each question. You are required to provide an answer to the current question. Your answer must be one of the choices provided.
",,What is the number of concert tickets sold on Aug 10 as a proportion of that on Aug 11?,T3.png,What is the number of concert tickets sold on Aug 10 as a proportion of that on Aug 11?T3.png,google/pix2struct-chartqa-base,4,80%,calvi-trick,0
"The first part of this study consists of multiple choice questions associated with visualizations, and you will be asked to choose the best answer for each question. You are required to provide an answer to the current question. Your answer must be one of the choices provided.
",,What is the number of concert tickets sold on Aug 10 as a proportion of that on Aug 11?,T3.png,What is the number of concert tickets sold on Aug 10 as a proportion of that on Aug 11?T3.png,google/pix2struct-chartqa-base,4,80%,calvi-trick,0
"The first part of this study consists of multiple choice questions associated with visualizations, and you will be asked to choose the best answer for each question. You are required to provide an answer to the current question. Your answer must be one of the choices provided.
",,What is the number of concert tickets sold on Aug 10 as a proportion of that on Aug 11?,T3.png,What is the number of concert tickets sold on Aug 10 as a proportion of that on Aug 11?T3.png,google/pix2struct-chartqa-base,19,80%,calvi-trick,0
"The first part of this study consists of multiple choice questions associated with visualizations, and you will be asked to choose the best answer for each question. You are required to provide an answer to the current question. Your answer must be one of the choices provided.
",,What is the number of concert tickets sold on Aug 10 as a proportion of that on Aug 11?,T3.png,What is the number of concert tickets sold on Aug 10 as a proportion of that on Aug 11?T3.png,google/pix2struct-chartqa-base,4,80%,calvi-trick,0
"The first part of this study consists of multiple choice questions associated with visualizations, and you will be asked to choose the best answer for each question. You are required to provide an answer to the current question. Your answer must be one of the choices provided.
",,What is the number of concert tickets sold on Aug 10 as a proportion of that on Aug 11?,T3.png,What is the number of concert tickets sold on Aug 10 as a proportion of that on Aug 11?T3.png,google/pix2struct-chartqa-base,4,80%,calvi-trick,0
"The first part of this study consists of multiple choice questions associated with visualizations, and you will be asked to choose the best answer for each question. You are required to provide an answer to the current question. Your answer must be one of the choices provided.
",,What is the trend for the percentage of bacteria Z from 1970 to 2020?,T6.png,What is the trend for the percentage of bacteria Z from 1970 to 2020?T6.png,google/pix2struct-chartqa-base,No,Generally increasing,calvi-trick,0
"The first part of this study consists of multiple choice questions associated with visualizations, and you will be asked to choose the best answer for each question. You are required to provide an answer to the current question. Your answer must be one of the choices provided.
",,What is the trend for the percentage of bacteria Z from 1970 to 2020?,T6.png,What is the trend for the percentage of bacteria Z from 1970 to 2020?T6.png,google/pix2struct-chartqa-base,19,Generally increasing,calvi-trick,0
"The first part of this study consists of multiple choice questions associated with visualizations, and you will be asked to choose the best answer for each question. You are required to provide an answer to the current question. Your answer must be one of the choices provided.
",,What is the trend for the percentage of bacteria Z from 1970 to 2020?,T6.png,What is the trend for the percentage of bacteria Z from 1970 to 2020?T6.png,google/pix2struct-chartqa-base,19,Generally increasing,calvi-trick,0
"The first part of this study consists of multiple choice questions associated with visualizations, and you will be asked to choose the best answer for each question. You are required to provide an answer to the current question. Your answer must be one of the choices provided.
",,What is the trend for the percentage of bacteria Z from 1970 to 2020?,T6.png,What is the trend for the percentage of bacteria Z from 1970 to 2020?T6.png,google/pix2struct-chartqa-base,1.79,Generally increasing,calvi-trick,0
"The first part of this study consists of multiple choice questions associated with visualizations, and you will be asked to choose the best answer for each question. You are required to provide an answer to the current question. Your answer must be one of the choices provided.
",,What is the trend for the percentage of bacteria Z from 1970 to 2020?,T6.png,What is the trend for the percentage of bacteria Z from 1970 to 2020?T6.png,google/pix2struct-chartqa-base,19,Generally increasing,calvi-trick,0
"The first part of this study consists of multiple choice questions associated with visualizations, and you will be asked to choose the best answer for each question. You are required to provide an answer to the current question. Your answer must be one of the choices provided.
",,"Approximately, what is brand C’s total sales as a proportion of brand B’s total sales from Jan 01 to Mar 15?",T9.png,"Approximately, what is brand C’s total sales as a proportion of brand B’s total sales from Jan 01 to Mar 15?T9.png",google/pix2struct-chartqa-base,18,60%,calvi-trick,0
"The first part of this study consists of multiple choice questions associated with visualizations, and you will be asked to choose the best answer for each question. You are required to provide an answer to the current question. Your answer must be one of the choices provided.
",,"Approximately, what is brand C’s total sales as a proportion of brand B’s total sales from Jan 01 to Mar 15?",T9.png,"Approximately, what is brand C’s total sales as a proportion of brand B’s total sales from Jan 01 to Mar 15?T9.png",google/pix2struct-chartqa-base,2,60%,calvi-trick,0
"The first part of this study consists of multiple choice questions associated with visualizations, and you will be asked to choose the best answer for each question. You are required to provide an answer to the current question. Your answer must be one of the choices provided.
",,"Approximately, what is brand C’s total sales as a proportion of brand B’s total sales from Jan 01 to Mar 15?",T9.png,"Approximately, what is brand C’s total sales as a proportion of brand B’s total sales from Jan 01 to Mar 15?T9.png",google/pix2struct-chartqa-base,-3,60%,calvi-trick,0
"The first part of this study consists of multiple choice questions associated with visualizations, and you will be asked to choose the best answer for each question. You are required to provide an answer to the current question. Your answer must be one of the choices provided.
",,"Approximately, what is brand C’s total sales as a proportion of brand B’s total sales from Jan 01 to Mar 15?",T9.png,"Approximately, what is brand C’s total sales as a proportion of brand B’s total sales from Jan 01 to Mar 15?T9.png",google/pix2struct-chartqa-base,18,60%,calvi-trick,0
"The first part of this study consists of multiple choice questions associated with visualizations, and you will be asked to choose the best answer for each question. You are required to provide an answer to the current question. Your answer must be one of the choices provided.
",,"Approximately, what is brand C’s total sales as a proportion of brand B’s total sales from Jan 01 to Mar 15?",T9.png,"Approximately, what is brand C’s total sales as a proportion of brand B’s total sales from Jan 01 to Mar 15?T9.png",google/pix2struct-chartqa-base,38,60%,calvi-trick,0
"The first part of this study consists of multiple choice questions associated with visualizations, and you will be asked to choose the best answer for each question. You are required to provide an answer to the current question. Your answer must be one of the choices provided.
",,What is the trend of the total sales for item X from Apr to Aug?,T15.png,What is the trend of the total sales for item X from Apr to Aug?T15.png,google/pix2struct-chartqa-base,25,"Increasing, then decreasing",calvi-trick,0
"The first part of this study consists of multiple choice questions associated with visualizations, and you will be asked to choose the best answer for each question. You are required to provide an answer to the current question. Your answer must be one of the choices provided.
",,What is the trend of the total sales for item X from Apr to Aug?,T15.png,What is the trend of the total sales for item X from Apr to Aug?T15.png,google/pix2struct-chartqa-base,19,"Increasing, then decreasing",calvi-trick,0
"The first part of this study consists of multiple choice questions associated with visualizations, and you will be asked to choose the best answer for each question. You are required to provide an answer to the current question. Your answer must be one of the choices provided.
",,What is the trend of the total sales for item X from Apr to Aug?,T15.png,What is the trend of the total sales for item X from Apr to Aug?T15.png,google/pix2struct-chartqa-base,25,"Increasing, then decreasing",calvi-trick,0
"The first part of this study consists of multiple choice questions associated with visualizations, and you will be asked to choose the best answer for each question. You are required to provide an answer to the current question. Your answer must be one of the choices provided.
",,What is the trend of the total sales for item X from Apr to Aug?,T15.png,What is the trend of the total sales for item X from Apr to Aug?T15.png,google/pix2struct-chartqa-base,25,"Increasing, then decreasing",calvi-trick,0
"The first part of this study consists of multiple choice questions associated with visualizations, and you will be asked to choose the best answer for each question. You are required to provide an answer to the current question. Your answer must be one of the choices provided.
",,What is the trend of the total sales for item X from Apr to Aug?,T15.png,What is the trend of the total sales for item X from Apr to Aug?T15.png,google/pix2struct-chartqa-base,25,"Increasing, then decreasing",calvi-trick,0
"The first part of this study consists of multiple choice questions associated with visualizations, and you will be asked to choose the best answer for each question. You are required to provide an answer to the current question. Your answer must be one of the choices provided.
",,What is the trend of the total number of apples harvested in farm X from Jan 11 to Jan 14?,T16.png,What is the trend of the total number of apples harvested in farm X from Jan 11 to Jan 14?T16.png,google/pix2struct-chartqa-base,7,"Decreasing, then increasing",calvi-trick,0
"The first part of this study consists of multiple choice questions associated with visualizations, and you will be asked to choose the best answer for each question. You are required to provide an answer to the current question. Your answer must be one of the choices provided.
",,What is the trend of the total number of apples harvested in farm X from Jan 11 to Jan 14?,T16.png,What is the trend of the total number of apples harvested in farm X from Jan 11 to Jan 14?T16.png,google/pix2struct-chartqa-base,15,"Decreasing, then increasing",calvi-trick,0
"The first part of this study consists of multiple choice questions associated with visualizations, and you will be asked to choose the best answer for each question. You are required to provide an answer to the current question. Your answer must be one of the choices provided.
",,What is the trend of the total number of apples harvested in farm X from Jan 11 to Jan 14?,T16.png,What is the trend of the total number of apples harvested in farm X from Jan 11 to Jan 14?T16.png,google/pix2struct-chartqa-base,750.5,"Decreasing, then increasing",calvi-trick,0
"The first part of this study consists of multiple choice questions associated with visualizations, and you will be asked to choose the best answer for each question. You are required to provide an answer to the current question. Your answer must be one of the choices provided.
",,What is the trend of the total number of apples harvested in farm X from Jan 11 to Jan 14?,T16.png,What is the trend of the total number of apples harvested in farm X from Jan 11 to Jan 14?T16.png,google/pix2struct-chartqa-base,7531,"Decreasing, then increasing",calvi-trick,0
"The first part of this study consists of multiple choice questions associated with visualizations, and you will be asked to choose the best answer for each question. You are required to provide an answer to the current question. Your answer must be one of the choices provided.
",,What is the trend of the total number of apples harvested in farm X from Jan 11 to Jan 14?,T16.png,What is the trend of the total number of apples harvested in farm X from Jan 11 to Jan 14?T16.png,google/pix2struct-chartqa-base,72990,"Decreasing, then increasing",calvi-trick,0
"The first part of this study consists of multiple choice questions associated with visualizations, and you will be asked to choose the best answer for each question. You are required to provide an answer to the current question. Your answer must be one of the choices provided.
",,What is the trend of the growth for plant species P as the number of hours of sunlight exposure per month increases?,T17.png,What is the trend of the growth for plant species P as the number of hours of sunlight exposure per month increases?T17.png,google/pix2struct-chartqa-base,303,Generally decreases,calvi-trick,0
"The first part of this study consists of multiple choice questions associated with visualizations, and you will be asked to choose the best answer for each question. You are required to provide an answer to the current question. Your answer must be one of the choices provided.
",,What is the trend of the growth for plant species P as the number of hours of sunlight exposure per month increases?,T17.png,What is the trend of the growth for plant species P as the number of hours of sunlight exposure per month increases?T17.png,google/pix2struct-chartqa-base,0.5,Generally decreases,calvi-trick,0
"The first part of this study consists of multiple choice questions associated with visualizations, and you will be asked to choose the best answer for each question. You are required to provide an answer to the current question. Your answer must be one of the choices provided.
",,What is the trend of the growth for plant species P as the number of hours of sunlight exposure per month increases?,T17.png,What is the trend of the growth for plant species P as the number of hours of sunlight exposure per month increases?T17.png,google/pix2struct-chartqa-base,15,Generally decreases,calvi-trick,0
"The first part of this study consists of multiple choice questions associated with visualizations, and you will be asked to choose the best answer for each question. You are required to provide an answer to the current question. Your answer must be one of the choices provided.
",,What is the trend of the growth for plant species P as the number of hours of sunlight exposure per month increases?,T17.png,What is the trend of the growth for plant species P as the number of hours of sunlight exposure per month increases?T17.png,google/pix2struct-chartqa-base,0.5,Generally decreases,calvi-trick,0
"The first part of this study consists of multiple choice questions associated with visualizations, and you will be asked to choose the best answer for each question. You are required to provide an answer to the current question. Your answer must be one of the choices provided.
",,What is the trend of the growth for plant species P as the number of hours of sunlight exposure per month increases?,T17.png,What is the trend of the growth for plant species P as the number of hours of sunlight exposure per month increases?T17.png,google/pix2struct-chartqa-base,302,Generally decreases,calvi-trick,0
"The first part of this study consists of multiple choice questions associated with visualizations, and you will be asked to choose the best answer for each question. You are required to provide an answer to the current question. Your answer must be one of the choices provided.
",,What is the trend of the survival rate as weight increases for species Z?,T19.png,What is the trend of the survival rate as weight increases for species Z?T19.png,google/pix2struct-chartqa-base,0.19,Generally increases,calvi-trick,0
"The first part of this study consists of multiple choice questions associated with visualizations, and you will be asked to choose the best answer for each question. You are required to provide an answer to the current question. Your answer must be one of the choices provided.
",,What is the trend of the survival rate as weight increases for species Z?,T19.png,What is the trend of the survival rate as weight increases for species Z?T19.png,google/pix2struct-chartqa-base,1.38,Generally increases,calvi-trick,0
"The first part of this study consists of multiple choice questions associated with visualizations, and you will be asked to choose the best answer for each question. You are required to provide an answer to the current question. Your answer must be one of the choices provided.
",,What is the trend of the survival rate as weight increases for species Z?,T19.png,What is the trend of the survival rate as weight increases for species Z?T19.png,google/pix2struct-chartqa-base,2,Generally increases,calvi-trick,0
"The first part of this study consists of multiple choice questions associated with visualizations, and you will be asked to choose the best answer for each question. You are required to provide an answer to the current question. Your answer must be one of the choices provided.
",,What is the trend of the survival rate as weight increases for species Z?,T19.png,What is the trend of the survival rate as weight increases for species Z?T19.png,google/pix2struct-chartqa-base,5,Generally increases,calvi-trick,0
"The first part of this study consists of multiple choice questions associated with visualizations, and you will be asked to choose the best answer for each question. You are required to provide an answer to the current question. Your answer must be one of the choices provided.
",,What is the trend of the survival rate as weight increases for species Z?,T19.png,What is the trend of the survival rate as weight increases for species Z?T19.png,google/pix2struct-chartqa-base,0.21,Generally increases,calvi-trick,0
"The first part of this study consists of multiple choice questions associated with visualizations, and you will be asked to choose the best answer for each question. You are required to provide an answer to the current question. Your answer must be one of the choices provided.
",,"Assuming today is May 10 and given the chart below, which statement about rainfall (mm) is true for the past 14 days?",T21.png,"Assuming today is May 10 and given the chart below, which statement about rainfall (mm) is true for the past 14 days?T21.png",google/pix2struct-chartqa-base,-1.59,There was more rainfall at the beginning than at the end of the past 14 days.,calvi-trick,0
"The first part of this study consists of multiple choice questions associated with visualizations, and you will be asked to choose the best answer for each question. You are required to provide an answer to the current question. Your answer must be one of the choices provided.
",,"Assuming today is May 10 and given the chart below, which statement about rainfall (mm) is true for the past 14 days?",T21.png,"Assuming today is May 10 and given the chart below, which statement about rainfall (mm) is true for the past 14 days?T21.png",google/pix2struct-chartqa-base,1.12,There was more rainfall at the beginning than at the end of the past 14 days.,calvi-trick,0
"The first part of this study consists of multiple choice questions associated with visualizations, and you will be asked to choose the best answer for each question. You are required to provide an answer to the current question. Your answer must be one of the choices provided.
",,"Assuming today is May 10 and given the chart below, which statement about rainfall (mm) is true for the past 14 days?",T21.png,"Assuming today is May 10 and given the chart below, which statement about rainfall (mm) is true for the past 14 days?T21.png",google/pix2struct-chartqa-base,1.53,There was more rainfall at the beginning than at the end of the past 14 days.,calvi-trick,0
"The first part of this study consists of multiple choice questions associated with visualizations, and you will be asked to choose the best answer for each question. You are required to provide an answer to the current question. Your answer must be one of the choices provided.
",,"Assuming today is May 10 and given the chart below, which statement about rainfall (mm) is true for the past 14 days?",T21.png,"Assuming today is May 10 and given the chart below, which statement about rainfall (mm) is true for the past 14 days?T21.png",google/pix2struct-chartqa-base,1.120833333,There was more rainfall at the beginning than at the end of the past 14 days.,calvi-trick,0
"The first part of this study consists of multiple choice questions associated with visualizations, and you will be asked to choose the best answer for each question. You are required to provide an answer to the current question. Your answer must be one of the choices provided.
",,"Assuming today is May 10 and given the chart below, which statement about rainfall (mm) is true for the past 14 days?",T21.png,"Assuming today is May 10 and given the chart below, which statement about rainfall (mm) is true for the past 14 days?T21.png",google/pix2struct-chartqa-base,1.5,There was more rainfall at the beginning than at the end of the past 14 days.,calvi-trick,0
"The first part of this study consists of multiple choice questions associated with visualizations, and you will be asked to choose the best answer for each question. You are required to provide an answer to the current question. Your answer must be one of the choices provided.
",,Does cell phone brand A have more than half of the total market share?,T28.png,Does cell phone brand A have more than half of the total market share?T28.png,google/pix2struct-chartqa-base,41.2,Cannot be inferred / Inadequate Information,calvi-trick,0
"The first part of this study consists of multiple choice questions associated with visualizations, and you will be asked to choose the best answer for each question. You are required to provide an answer to the current question. Your answer must be one of the choices provided.
",,Does cell phone brand A have more than half of the total market share?,T28.png,Does cell phone brand A have more than half of the total market share?T28.png,google/pix2struct-chartqa-base,0.2125,Cannot be inferred / Inadequate Information,calvi-trick,0
"The first part of this study consists of multiple choice questions associated with visualizations, and you will be asked to choose the best answer for each question. You are required to provide an answer to the current question. Your answer must be one of the choices provided.
",,Does cell phone brand A have more than half of the total market share?,T28.png,Does cell phone brand A have more than half of the total market share?T28.png,google/pix2struct-chartqa-base,41.2,Cannot be inferred / Inadequate Information,calvi-trick,0
"The first part of this study consists of multiple choice questions associated with visualizations, and you will be asked to choose the best answer for each question. You are required to provide an answer to the current question. Your answer must be one of the choices provided.
",,Does cell phone brand A have more than half of the total market share?,T28.png,Does cell phone brand A have more than half of the total market share?T28.png,google/pix2struct-chartqa-base,41.2,Cannot be inferred / Inadequate Information,calvi-trick,0
"The first part of this study consists of multiple choice questions associated with visualizations, and you will be asked to choose the best answer for each question. You are required to provide an answer to the current question. Your answer must be one of the choices provided.
",,Does cell phone brand A have more than half of the total market share?,T28.png,Does cell phone brand A have more than half of the total market share?T28.png,google/pix2struct-chartqa-base,414.14,Cannot be inferred / Inadequate Information,calvi-trick,0
"The first part of this study consists of multiple choice questions associated with visualizations, and you will be asked to choose the best answer for each question. You are required to provide an answer to the current question. Your answer must be one of the choices provided.
",,Are there more households with exactly 1 car than households with exactly 2 cars?,T29.png,Are there more households with exactly 1 car than households with exactly 2 cars?T29.png,google/pix2struct-chartqa-base,1.38,Cannot be inferred / Inadequate Information,calvi-trick,0
"The first part of this study consists of multiple choice questions associated with visualizations, and you will be asked to choose the best answer for each question. You are required to provide an answer to the current question. Your answer must be one of the choices provided.
",,Are there more households with exactly 1 car than households with exactly 2 cars?,T29.png,Are there more households with exactly 1 car than households with exactly 2 cars?T29.png,google/pix2struct-chartqa-base,5,Cannot be inferred / Inadequate Information,calvi-trick,0
"The first part of this study consists of multiple choice questions associated with visualizations, and you will be asked to choose the best answer for each question. You are required to provide an answer to the current question. Your answer must be one of the choices provided.
",,Are there more households with exactly 1 car than households with exactly 2 cars?,T29.png,Are there more households with exactly 1 car than households with exactly 2 cars?T29.png,google/pix2struct-chartqa-base,1.3,Cannot be inferred / Inadequate Information,calvi-trick,0
"The first part of this study consists of multiple choice questions associated with visualizations, and you will be asked to choose the best answer for each question. You are required to provide an answer to the current question. Your answer must be one of the choices provided.
",,Are there more households with exactly 1 car than households with exactly 2 cars?,T29.png,Are there more households with exactly 1 car than households with exactly 2 cars?T29.png,google/pix2struct-chartqa-base,1.3,Cannot be inferred / Inadequate Information,calvi-trick,0
"The first part of this study consists of multiple choice questions associated with visualizations, and you will be asked to choose the best answer for each question. You are required to provide an answer to the current question. Your answer must be one of the choices provided.
",,Are there more households with exactly 1 car than households with exactly 2 cars?,T29.png,Are there more households with exactly 1 car than households with exactly 2 cars?T29.png,google/pix2struct-chartqa-base,1.3,Cannot be inferred / Inadequate Information,calvi-trick,0
"The first part of this study consists of multiple choice questions associated with visualizations, and you will be asked to choose the best answer for each question. You are required to provide an answer to the current question. Your answer must be one of the choices provided.
",,Was the average amount of precipitation over 15 years in region D higher than that in region C?,T30.png,Was the average amount of precipitation over 15 years in region D higher than that in region C?T30.png,google/pix2struct-chartqa-base,13,Cannot be inferred / Inadequate Information,calvi-trick,0
"The first part of this study consists of multiple choice questions associated with visualizations, and you will be asked to choose the best answer for each question. You are required to provide an answer to the current question. Your answer must be one of the choices provided.
",,Was the average amount of precipitation over 15 years in region D higher than that in region C?,T30.png,Was the average amount of precipitation over 15 years in region D higher than that in region C?T30.png,google/pix2struct-chartqa-base,13,Cannot be inferred / Inadequate Information,calvi-trick,0
"The first part of this study consists of multiple choice questions associated with visualizations, and you will be asked to choose the best answer for each question. You are required to provide an answer to the current question. Your answer must be one of the choices provided.
",,Was the average amount of precipitation over 15 years in region D higher than that in region C?,T30.png,Was the average amount of precipitation over 15 years in region D higher than that in region C?T30.png,google/pix2struct-chartqa-base,61,Cannot be inferred / Inadequate Information,calvi-trick,0
"The first part of this study consists of multiple choice questions associated with visualizations, and you will be asked to choose the best answer for each question. You are required to provide an answer to the current question. Your answer must be one of the choices provided.
",,Was the average amount of precipitation over 15 years in region D higher than that in region C?,T30.png,Was the average amount of precipitation over 15 years in region D higher than that in region C?T30.png,google/pix2struct-chartqa-base,79,Cannot be inferred / Inadequate Information,calvi-trick,0
"The first part of this study consists of multiple choice questions associated with visualizations, and you will be asked to choose the best answer for each question. You are required to provide an answer to the current question. Your answer must be one of the choices provided.
",,Was the average amount of precipitation over 15 years in region D higher than that in region C?,T30.png,Was the average amount of precipitation over 15 years in region D higher than that in region C?T30.png,google/pix2struct-chartqa-base,17,Cannot be inferred / Inadequate Information,calvi-trick,0
"The first part of this study consists of multiple choice questions associated with visualizations, and you will be asked to choose the best answer for each question. You are required to provide an answer to the current question. Your answer must be one of the choices provided.
",,"Company A sells a board game. Assuming today is Jun 01, 2022, which of the following statements is true?",T34.png,"Company A sells a board game. Assuming today is Jun 01, 2022, which of the following statements is true?T34.png",google/pix2struct-chartqa-base,3,None of the above.,calvi-trick,0
"The first part of this study consists of multiple choice questions associated with visualizations, and you will be asked to choose the best answer for each question. You are required to provide an answer to the current question. Your answer must be one of the choices provided.
",,"Company A sells a board game. Assuming today is Jun 01, 2022, which of the following statements is true?",T34.png,"Company A sells a board game. Assuming today is Jun 01, 2022, which of the following statements is true?T34.png",google/pix2struct-chartqa-base,14,None of the above.,calvi-trick,0
"The first part of this study consists of multiple choice questions associated with visualizations, and you will be asked to choose the best answer for each question. You are required to provide an answer to the current question. Your answer must be one of the choices provided.
",,"Company A sells a board game. Assuming today is Jun 01, 2022, which of the following statements is true?",T34.png,"Company A sells a board game. Assuming today is Jun 01, 2022, which of the following statements is true?T34.png",google/pix2struct-chartqa-base,1,None of the above.,calvi-trick,0
"The first part of this study consists of multiple choice questions associated with visualizations, and you will be asked to choose the best answer for each question. You are required to provide an answer to the current question. Your answer must be one of the choices provided.
",,"Company A sells a board game. Assuming today is Jun 01, 2022, which of the following statements is true?",T34.png,"Company A sells a board game. Assuming today is Jun 01, 2022, which of the following statements is true?T34.png",google/pix2struct-chartqa-base,1.59,None of the above.,calvi-trick,0
"The first part of this study consists of multiple choice questions associated with visualizations, and you will be asked to choose the best answer for each question. You are required to provide an answer to the current question. Your answer must be one of the choices provided.
",,"Company A sells a board game. Assuming today is Jun 01, 2022, which of the following statements is true?",T34.png,"Company A sells a board game. Assuming today is Jun 01, 2022, which of the following statements is true?T34.png",google/pix2struct-chartqa-base,1.5,None of the above.,calvi-trick,0
"The first part of this study consists of multiple choice questions associated with visualizations, and you will be asked to choose the best answer for each question. You are required to provide an answer to the current question. Your answer must be one of the choices provided.
",,"Assuming today is Feb 20, 2022, which of the following is true about the vegetables planted by the three farms?",T35.png,"Assuming today is Feb 20, 2022, which of the following is true about the vegetables planted by the three farms?T35.png",google/pix2struct-chartqa-base,Yes,None of the above.,calvi-trick,0
"The first part of this study consists of multiple choice questions associated with visualizations, and you will be asked to choose the best answer for each question. You are required to provide an answer to the current question. Your answer must be one of the choices provided.
",,"Assuming today is Feb 20, 2022, which of the following is true about the vegetables planted by the three farms?",T35.png,"Assuming today is Feb 20, 2022, which of the following is true about the vegetables planted by the three farms?T35.png",google/pix2struct-chartqa-base,1500,None of the above.,calvi-trick,0
"The first part of this study consists of multiple choice questions associated with visualizations, and you will be asked to choose the best answer for each question. You are required to provide an answer to the current question. Your answer must be one of the choices provided.
",,"Assuming today is Feb 20, 2022, which of the following is true about the vegetables planted by the three farms?",T35.png,"Assuming today is Feb 20, 2022, which of the following is true about the vegetables planted by the three farms?T35.png",google/pix2struct-chartqa-base,1.59,None of the above.,calvi-trick,0
"The first part of this study consists of multiple choice questions associated with visualizations, and you will be asked to choose the best answer for each question. You are required to provide an answer to the current question. Your answer must be one of the choices provided.
",,"Assuming today is Feb 20, 2022, which of the following is true about the vegetables planted by the three farms?",T35.png,"Assuming today is Feb 20, 2022, which of the following is true about the vegetables planted by the three farms?T35.png",google/pix2struct-chartqa-base,Yes,None of the above.,calvi-trick,0
"The first part of this study consists of multiple choice questions associated with visualizations, and you will be asked to choose the best answer for each question. You are required to provide an answer to the current question. Your answer must be one of the choices provided.
",,"Assuming today is Feb 20, 2022, which of the following is true about the vegetables planted by the three farms?",T35.png,"Assuming today is Feb 20, 2022, which of the following is true about the vegetables planted by the three farms?T35.png",google/pix2struct-chartqa-base,1500,None of the above.,calvi-trick,0
"The first part of this study consists of multiple choice questions associated with visualizations, and you will be asked to choose the best answer for each question. You are required to provide an answer to the current question. Your answer must be one of the choices provided.
",,"Assuming today is Apr 10, 2022, did the total number of cars parked in the three parking lots fall sharply in 2022?",T36.png,"Assuming today is Apr 10, 2022, did the total number of cars parked in the three parking lots fall sharply in 2022?T36.png",google/pix2struct-chartqa-base,1500,Cannot be inferred / Inadequate Information,calvi-trick,0
"The first part of this study consists of multiple choice questions associated with visualizations, and you will be asked to choose the best answer for each question. You are required to provide an answer to the current question. Your answer must be one of the choices provided.
",,"Assuming today is Apr 10, 2022, did the total number of cars parked in the three parking lots fall sharply in 2022?",T36.png,"Assuming today is Apr 10, 2022, did the total number of cars parked in the three parking lots fall sharply in 2022?T36.png",google/pix2struct-chartqa-base,1500,Cannot be inferred / Inadequate Information,calvi-trick,0
"The first part of this study consists of multiple choice questions associated with visualizations, and you will be asked to choose the best answer for each question. You are required to provide an answer to the current question. Your answer must be one of the choices provided.
",,"Assuming today is Apr 10, 2022, did the total number of cars parked in the three parking lots fall sharply in 2022?",T36.png,"Assuming today is Apr 10, 2022, did the total number of cars parked in the three parking lots fall sharply in 2022?T36.png",google/pix2struct-chartqa-base,1500,Cannot be inferred / Inadequate Information,calvi-trick,0
"The first part of this study consists of multiple choice questions associated with visualizations, and you will be asked to choose the best answer for each question. You are required to provide an answer to the current question. Your answer must be one of the choices provided.
",,"Assuming today is Apr 10, 2022, did the total number of cars parked in the three parking lots fall sharply in 2022?",T36.png,"Assuming today is Apr 10, 2022, did the total number of cars parked in the three parking lots fall sharply in 2022?T36.png",google/pix2struct-chartqa-base,1500,Cannot be inferred / Inadequate Information,calvi-trick,0
"The first part of this study consists of multiple choice questions associated with visualizations, and you will be asked to choose the best answer for each question. You are required to provide an answer to the current question. Your answer must be one of the choices provided.
",,"Assuming today is Apr 10, 2022, did the total number of cars parked in the three parking lots fall sharply in 2022?",T36.png,"Assuming today is Apr 10, 2022, did the total number of cars parked in the three parking lots fall sharply in 2022?T36.png",google/pix2struct-chartqa-base,1500,Cannot be inferred / Inadequate Information,calvi-trick,0
"The first part of this study consists of multiple choice questions associated with visualizations, and you will be asked to choose the best answer for each question. You are required to provide an answer to the current question. Your answer must be one of the choices provided.
",,"Assuming today is May 01, 2022, which of the following statements is true?",T37.png,"Assuming today is May 01, 2022, which of the following statements is true?T37.png",google/pix2struct-chartqa-base,3,None of the above.,calvi-trick,0
"The first part of this study consists of multiple choice questions associated with visualizations, and you will be asked to choose the best answer for each question. You are required to provide an answer to the current question. Your answer must be one of the choices provided.
",,"Assuming today is May 01, 2022, which of the following statements is true?",T37.png,"Assuming today is May 01, 2022, which of the following statements is true?T37.png",google/pix2struct-chartqa-base,1,None of the above.,calvi-trick,0
"The first part of this study consists of multiple choice questions associated with visualizations, and you will be asked to choose the best answer for each question. You are required to provide an answer to the current question. Your answer must be one of the choices provided.
",,"Assuming today is May 01, 2022, which of the following statements is true?",T37.png,"Assuming today is May 01, 2022, which of the following statements is true?T37.png",google/pix2struct-chartqa-base,3,None of the above.,calvi-trick,0
"The first part of this study consists of multiple choice questions associated with visualizations, and you will be asked to choose the best answer for each question. You are required to provide an answer to the current question. Your answer must be one of the choices provided.
",,"Assuming today is May 01, 2022, which of the following statements is true?",T37.png,"Assuming today is May 01, 2022, which of the following statements is true?T37.png",google/pix2struct-chartqa-base,5,None of the above.,calvi-trick,0
"The first part of this study consists of multiple choice questions associated with visualizations, and you will be asked to choose the best answer for each question. You are required to provide an answer to the current question. Your answer must be one of the choices provided.
",,"Assuming today is May 01, 2022, which of the following statements is true?",T37.png,"Assuming today is May 01, 2022, which of the following statements is true?T37.png",google/pix2struct-chartqa-base,3,None of the above.,calvi-trick,0
"The first part of this study consists of multiple choice questions associated with visualizations, and you will be asked to choose the best answer for each question. You are required to provide an answer to the current question. Your answer must be one of the choices provided.
",,"True or False: Within each town, is there a negative relationship between average daily working hours and happiness score?",T38.png,"True or False: Within each town, is there a negative relationship between average daily working hours and happiness score?T38.png",google/pix2struct-chartqa-base,1.5,FALSE,calvi-trick,0
"The first part of this study consists of multiple choice questions associated with visualizations, and you will be asked to choose the best answer for each question. You are required to provide an answer to the current question. Your answer must be one of the choices provided.
",,"True or False: Within each town, is there a negative relationship between average daily working hours and happiness score?",T38.png,"True or False: Within each town, is there a negative relationship between average daily working hours and happiness score?T38.png",google/pix2struct-chartqa-base,1.55,FALSE,calvi-trick,0
"The first part of this study consists of multiple choice questions associated with visualizations, and you will be asked to choose the best answer for each question. You are required to provide an answer to the current question. Your answer must be one of the choices provided.
",,"True or False: Within each town, is there a negative relationship between average daily working hours and happiness score?",T38.png,"True or False: Within each town, is there a negative relationship between average daily working hours and happiness score?T38.png",google/pix2struct-chartqa-base,1.55,FALSE,calvi-trick,0
"The first part of this study consists of multiple choice questions associated with visualizations, and you will be asked to choose the best answer for each question. You are required to provide an answer to the current question. Your answer must be one of the choices provided.
",,"True or False: Within each town, is there a negative relationship between average daily working hours and happiness score?",T38.png,"True or False: Within each town, is there a negative relationship between average daily working hours and happiness score?T38.png",google/pix2struct-chartqa-base,1.5,FALSE,calvi-trick,0
"The first part of this study consists of multiple choice questions associated with visualizations, and you will be asked to choose the best answer for each question. You are required to provide an answer to the current question. Your answer must be one of the choices provided.
",,"True or False: Within each town, is there a negative relationship between average daily working hours and happiness score?",T38.png,"True or False: Within each town, is there a negative relationship between average daily working hours and happiness score?T38.png",google/pix2struct-chartqa-base,1.57,FALSE,calvi-trick,0
"The first part of this study consists of multiple choice questions associated with visualizations, and you will be asked to choose the best answer for each question. You are required to provide an answer to the current question. Your answer must be one of the choices provided.
",,"Within each city, is there a positive relationship between salary and average daily working hours?",T39.png,"Within each city, is there a positive relationship between salary and average daily working hours?T39.png",google/pix2struct-chartqa-base,15,Cannot be inferred / Inadequate Information,calvi-trick,0
"The first part of this study consists of multiple choice questions associated with visualizations, and you will be asked to choose the best answer for each question. You are required to provide an answer to the current question. Your answer must be one of the choices provided.
",,"Within each city, is there a positive relationship between salary and average daily working hours?",T39.png,"Within each city, is there a positive relationship between salary and average daily working hours?T39.png",google/pix2struct-chartqa-base,15,Cannot be inferred / Inadequate Information,calvi-trick,0
"The first part of this study consists of multiple choice questions associated with visualizations, and you will be asked to choose the best answer for each question. You are required to provide an answer to the current question. Your answer must be one of the choices provided.
",,"Within each city, is there a positive relationship between salary and average daily working hours?",T39.png,"Within each city, is there a positive relationship between salary and average daily working hours?T39.png",google/pix2struct-chartqa-base,1.61,Cannot be inferred / Inadequate Information,calvi-trick,0
"The first part of this study consists of multiple choice questions associated with visualizations, and you will be asked to choose the best answer for each question. You are required to provide an answer to the current question. Your answer must be one of the choices provided.
",,"Within each city, is there a positive relationship between salary and average daily working hours?",T39.png,"Within each city, is there a positive relationship between salary and average daily working hours?T39.png",google/pix2struct-chartqa-base,3,Cannot be inferred / Inadequate Information,calvi-trick,0
"The first part of this study consists of multiple choice questions associated with visualizations, and you will be asked to choose the best answer for each question. You are required to provide an answer to the current question. Your answer must be one of the choices provided.
",,"Within each city, is there a positive relationship between salary and average daily working hours?",T39.png,"Within each city, is there a positive relationship between salary and average daily working hours?T39.png",google/pix2struct-chartqa-base,2,Cannot be inferred / Inadequate Information,calvi-trick,0
"The first part of this study consists of multiple choice questions associated with visualizations, and you will be asked to choose the best answer for each question. You are required to provide an answer to the current question. Your answer must be one of the choices provided.
",,Does any members of species C weigh more than 5 lbs?,T40.png,Does any members of species C weigh more than 5 lbs?T40.png,google/pix2struct-chartqa-base,5,Cannot be inferred / Inadequate Information,calvi-trick,0
"The first part of this study consists of multiple choice questions associated with visualizations, and you will be asked to choose the best answer for each question. You are required to provide an answer to the current question. Your answer must be one of the choices provided.
",,Does any members of species C weigh more than 5 lbs?,T40.png,Does any members of species C weigh more than 5 lbs?T40.png,google/pix2struct-chartqa-base,5,Cannot be inferred / Inadequate Information,calvi-trick,0
"The first part of this study consists of multiple choice questions associated with visualizations, and you will be asked to choose the best answer for each question. You are required to provide an answer to the current question. Your answer must be one of the choices provided.
",,Does any members of species C weigh more than 5 lbs?,T40.png,Does any members of species C weigh more than 5 lbs?T40.png,google/pix2struct-chartqa-base,5,Cannot be inferred / Inadequate Information,calvi-trick,0
"The first part of this study consists of multiple choice questions associated with visualizations, and you will be asked to choose the best answer for each question. You are required to provide an answer to the current question. Your answer must be one of the choices provided.
",,Does any members of species C weigh more than 5 lbs?,T40.png,Does any members of species C weigh more than 5 lbs?T40.png,google/pix2struct-chartqa-base,5,Cannot be inferred / Inadequate Information,calvi-trick,0
"The first part of this study consists of multiple choice questions associated with visualizations, and you will be asked to choose the best answer for each question. You are required to provide an answer to the current question. Your answer must be one of the choices provided.
",,Does any members of species C weigh more than 5 lbs?,T40.png,Does any members of species C weigh more than 5 lbs?T40.png,google/pix2struct-chartqa-base,5,Cannot be inferred / Inadequate Information,calvi-trick,0
