instructions,description,question,image_file,item_id,agent_type,agent_response,correct_answer,test_type,is_correct
"The first part of this study consists of 13 multiple choice questions associated with visualizations, and you will be asked to choose the best answer for each question. You are required to provide an answer to the current question. Your answer must be one of the choices provided.",,What percentage of patients recovered after chemotherapy?,ggr_item1.png,What percentage of patients recovered after chemotherapy?ggr_item1.png,google/pix2struct-chartqa-base,14,35,ggr,0
"The first part of this study consists of 13 multiple choice questions associated with visualizations, and you will be asked to choose the best answer for each question. You are required to provide an answer to the current question. Your answer must be one of the choices provided.",,What percentage of patients recovered after chemotherapy?,ggr_item1.png,What percentage of patients recovered after chemotherapy?ggr_item1.png,google/pix2struct-chartqa-base,2,35,ggr,0
"The first part of this study consists of 13 multiple choice questions associated with visualizations, and you will be asked to choose the best answer for each question. You are required to provide an answer to the current question. Your answer must be one of the choices provided.",,What percentage of patients recovered after chemotherapy?,ggr_item1.png,What percentage of patients recovered after chemotherapy?ggr_item1.png,google/pix2struct-chartqa-base,23,35,ggr,0
"The first part of this study consists of 13 multiple choice questions associated with visualizations, and you will be asked to choose the best answer for each question. You are required to provide an answer to the current question. Your answer must be one of the choices provided.",,What percentage of patients recovered after chemotherapy?,ggr_item1.png,What percentage of patients recovered after chemotherapy?ggr_item1.png,google/pix2struct-chartqa-base,Yes,35,ggr,0
"The first part of this study consists of 13 multiple choice questions associated with visualizations, and you will be asked to choose the best answer for each question. You are required to provide an answer to the current question. Your answer must be one of the choices provided.",,What percentage of patients recovered after chemotherapy?,ggr_item1.png,What percentage of patients recovered after chemotherapy?ggr_item1.png,google/pix2struct-chartqa-base,14,35,ggr,0
"The first part of this study consists of 13 multiple choice questions associated with visualizations, and you will be asked to choose the best answer for each question. You are required to provide an answer to the current question. Your answer must be one of the choices provided.",,"Compared to the placebo, which treatment leads to a larger decrease in the percentage of patients who die?",ggr_item10.png,"Compared to the placebo, which treatment leads to a larger decrease in the percentage of patients who die?ggr_item10.png",google/pix2struct-chartqa-base,15,They are equal,ggr,0
"The first part of this study consists of 13 multiple choice questions associated with visualizations, and you will be asked to choose the best answer for each question. You are required to provide an answer to the current question. Your answer must be one of the choices provided.",,"Compared to the placebo, which treatment leads to a larger decrease in the percentage of patients who die?",ggr_item10.png,"Compared to the placebo, which treatment leads to a larger decrease in the percentage of patients who die?ggr_item10.png",google/pix2struct-chartqa-base,15,They are equal,ggr,0
"The first part of this study consists of 13 multiple choice questions associated with visualizations, and you will be asked to choose the best answer for each question. You are required to provide an answer to the current question. Your answer must be one of the choices provided.",,"Compared to the placebo, which treatment leads to a larger decrease in the percentage of patients who die?",ggr_item10.png,"Compared to the placebo, which treatment leads to a larger decrease in the percentage of patients who die?ggr_item10.png",google/pix2struct-chartqa-base,1.5,They are equal,ggr,0
"The first part of this study consists of 13 multiple choice questions associated with visualizations, and you will be asked to choose the best answer for each question. You are required to provide an answer to the current question. Your answer must be one of the choices provided.",,"Compared to the placebo, which treatment leads to a larger decrease in the percentage of patients who die?",ggr_item10.png,"Compared to the placebo, which treatment leads to a larger decrease in the percentage of patients who die?ggr_item10.png",google/pix2struct-chartqa-base,3,They are equal,ggr,0
"The first part of this study consists of 13 multiple choice questions associated with visualizations, and you will be asked to choose the best answer for each question. You are required to provide an answer to the current question. Your answer must be one of the choices provided.",,"Compared to the placebo, which treatment leads to a larger decrease in the percentage of patients who die?",ggr_item10.png,"Compared to the placebo, which treatment leads to a larger decrease in the percentage of patients who die?ggr_item10.png",google/pix2struct-chartqa-base,1,They are equal,ggr,0
"The first part of this study consists of 13 multiple choice questions associated with visualizations, and you will be asked to choose the best answer for each question. You are required to provide an answer to the current question. Your answer must be one of the choices provided.",,Which of the treatments contributes to a larger decrease in the percentage of sick patients?,ggr_item11.png,Which of the treatments contributes to a larger decrease in the percentage of sick patients?ggr_item11.png,google/pix2struct-chartqa-base,15,Can't say,ggr,0
"The first part of this study consists of 13 multiple choice questions associated with visualizations, and you will be asked to choose the best answer for each question. You are required to provide an answer to the current question. Your answer must be one of the choices provided.",,Which of the treatments contributes to a larger decrease in the percentage of sick patients?,ggr_item11.png,Which of the treatments contributes to a larger decrease in the percentage of sick patients?ggr_item11.png,google/pix2struct-chartqa-base,"[1, 2, 5, 14]",Can't say,ggr,0
"The first part of this study consists of 13 multiple choice questions associated with visualizations, and you will be asked to choose the best answer for each question. You are required to provide an answer to the current question. Your answer must be one of the choices provided.",,Which of the treatments contributes to a larger decrease in the percentage of sick patients?,ggr_item11.png,Which of the treatments contributes to a larger decrease in the percentage of sick patients?ggr_item11.png,google/pix2struct-chartqa-base,14,Can't say,ggr,0
"The first part of this study consists of 13 multiple choice questions associated with visualizations, and you will be asked to choose the best answer for each question. You are required to provide an answer to the current question. Your answer must be one of the choices provided.",,Which of the treatments contributes to a larger decrease in the percentage of sick patients?,ggr_item11.png,Which of the treatments contributes to a larger decrease in the percentage of sick patients?ggr_item11.png,google/pix2struct-chartqa-base,"[15.586,  17.06]",Can't say,ggr,0
"The first part of this study consists of 13 multiple choice questions associated with visualizations, and you will be asked to choose the best answer for each question. You are required to provide an answer to the current question. Your answer must be one of the choices provided.",,Which of the treatments contributes to a larger decrease in the percentage of sick patients?,ggr_item11.png,Which of the treatments contributes to a larger decrease in the percentage of sick patients?ggr_item11.png,google/pix2struct-chartqa-base,15,Can't say,ggr,0
"The first part of this study consists of 13 multiple choice questions associated with visualizations, and you will be asked to choose the best answer for each question. You are required to provide an answer to the current question. Your answer must be one of the choices provided.",,What is the percentage of cancer patients who die after chemotherapy?,ggr_item13.png,What is the percentage of cancer patients who die after chemotherapy?ggr_item13.png,google/pix2struct-chartqa-base,14,50,ggr,0
"The first part of this study consists of 13 multiple choice questions associated with visualizations, and you will be asked to choose the best answer for each question. You are required to provide an answer to the current question. Your answer must be one of the choices provided.",,What is the percentage of cancer patients who die after chemotherapy?,ggr_item13.png,What is the percentage of cancer patients who die after chemotherapy?ggr_item13.png,google/pix2struct-chartqa-base,14,50,ggr,0
"The first part of this study consists of 13 multiple choice questions associated with visualizations, and you will be asked to choose the best answer for each question. You are required to provide an answer to the current question. Your answer must be one of the choices provided.",,What is the percentage of cancer patients who die after chemotherapy?,ggr_item13.png,What is the percentage of cancer patients who die after chemotherapy?ggr_item13.png,google/pix2struct-chartqa-base,14,50,ggr,0
"The first part of this study consists of 13 multiple choice questions associated with visualizations, and you will be asked to choose the best answer for each question. You are required to provide an answer to the current question. Your answer must be one of the choices provided.",,What is the percentage of cancer patients who die after chemotherapy?,ggr_item13.png,What is the percentage of cancer patients who die after chemotherapy?ggr_item13.png,google/pix2struct-chartqa-base,14,50,ggr,0
"The first part of this study consists of 13 multiple choice questions associated with visualizations, and you will be asked to choose the best answer for each question. You are required to provide an answer to the current question. Your answer must be one of the choices provided.",,What is the percentage of cancer patients who die after chemotherapy?,ggr_item13.png,What is the percentage of cancer patients who die after chemotherapy?ggr_item13.png,google/pix2struct-chartqa-base,14,50,ggr,0
"The first part of this study consists of 13 multiple choice questions associated with visualizations, and you will be asked to choose the best answer for each question. You are required to provide an answer to the current question. Your answer must be one of the choices provided.",,What is the difference between the percentage of patients who recovered after a surgery and the percentage of patients who recovered after radiation therapy?,ggr_item2.png,What is the difference between the percentage of patients who recovered after a surgery and the percentage of patients who recovered after radiation therapy?ggr_item2.png,google/pix2struct-chartqa-base,25,15,ggr,0
"The first part of this study consists of 13 multiple choice questions associated with visualizations, and you will be asked to choose the best answer for each question. You are required to provide an answer to the current question. Your answer must be one of the choices provided.",,What is the difference between the percentage of patients who recovered after a surgery and the percentage of patients who recovered after radiation therapy?,ggr_item2.png,What is the difference between the percentage of patients who recovered after a surgery and the percentage of patients who recovered after radiation therapy?ggr_item2.png,google/pix2struct-chartqa-base,2,15,ggr,0
"The first part of this study consists of 13 multiple choice questions associated with visualizations, and you will be asked to choose the best answer for each question. You are required to provide an answer to the current question. Your answer must be one of the choices provided.",,What is the difference between the percentage of patients who recovered after a surgery and the percentage of patients who recovered after radiation therapy?,ggr_item2.png,What is the difference between the percentage of patients who recovered after a surgery and the percentage of patients who recovered after radiation therapy?ggr_item2.png,google/pix2struct-chartqa-base,2,15,ggr,0
"The first part of this study consists of 13 multiple choice questions associated with visualizations, and you will be asked to choose the best answer for each question. You are required to provide an answer to the current question. Your answer must be one of the choices provided.",,What is the difference between the percentage of patients who recovered after a surgery and the percentage of patients who recovered after radiation therapy?,ggr_item2.png,What is the difference between the percentage of patients who recovered after a surgery and the percentage of patients who recovered after radiation therapy?ggr_item2.png,google/pix2struct-chartqa-base,"[15.586,  17.06]",15,ggr,0
"The first part of this study consists of 13 multiple choice questions associated with visualizations, and you will be asked to choose the best answer for each question. You are required to provide an answer to the current question. Your answer must be one of the choices provided.",,What is the difference between the percentage of patients who recovered after a surgery and the percentage of patients who recovered after radiation therapy?,ggr_item2.png,What is the difference between the percentage of patients who recovered after a surgery and the percentage of patients who recovered after radiation therapy?ggr_item2.png,google/pix2struct-chartqa-base,2.49,15,ggr,0
"The first part of this study consists of 13 multiple choice questions associated with visualizations, and you will be asked to choose the best answer for each question. You are required to provide an answer to the current question. Your answer must be one of the choices provided.",,"Of all the people who die from cancer, approximately what percentage dies from lung cancer?",ggr_item3.png,"Of all the people who die from cancer, approximately what percentage dies from lung cancer?ggr_item3.png",google/pix2struct-chartqa-base,Do not identify as Hispanic,25,ggr,0
"The first part of this study consists of 13 multiple choice questions associated with visualizations, and you will be asked to choose the best answer for each question. You are required to provide an answer to the current question. Your answer must be one of the choices provided.",,"Of all the people who die from cancer, approximately what percentage dies from lung cancer?",ggr_item3.png,"Of all the people who die from cancer, approximately what percentage dies from lung cancer?ggr_item3.png",google/pix2struct-chartqa-base,2,25,ggr,0
"The first part of this study consists of 13 multiple choice questions associated with visualizations, and you will be asked to choose the best answer for each question. You are required to provide an answer to the current question. Your answer must be one of the choices provided.",,"Of all the people who die from cancer, approximately what percentage dies from lung cancer?",ggr_item3.png,"Of all the people who die from cancer, approximately what percentage dies from lung cancer?ggr_item3.png",google/pix2struct-chartqa-base,2,25,ggr,0
"The first part of this study consists of 13 multiple choice questions associated with visualizations, and you will be asked to choose the best answer for each question. You are required to provide an answer to the current question. Your answer must be one of the choices provided.",,"Of all the people who die from cancer, approximately what percentage dies from lung cancer?",ggr_item3.png,"Of all the people who die from cancer, approximately what percentage dies from lung cancer?ggr_item3.png",google/pix2struct-chartqa-base,2,25,ggr,0
"The first part of this study consists of 13 multiple choice questions associated with visualizations, and you will be asked to choose the best answer for each question. You are required to provide an answer to the current question. Your answer must be one of the choices provided.",,"Of all the people who die from cancer, approximately what percentage dies from lung cancer?",ggr_item3.png,"Of all the people who die from cancer, approximately what percentage dies from lung cancer?ggr_item3.png",google/pix2struct-chartqa-base,2,25,ggr,0
"The first part of this study consists of 13 multiple choice questions associated with visualizations, and you will be asked to choose the best answer for each question. You are required to provide an answer to the current question. Your answer must be one of the choices provided.",,"Approximately what percentage of people who die from cancer die from colon cancer, breast cancer, and prostate cancer taken together?",ggr_item4.png,"Approximately what percentage of people who die from cancer die from colon cancer, breast cancer, and prostate cancer taken together?ggr_item4.png",google/pix2struct-chartqa-base,4,25,ggr,0
"The first part of this study consists of 13 multiple choice questions associated with visualizations, and you will be asked to choose the best answer for each question. You are required to provide an answer to the current question. Your answer must be one of the choices provided.",,"Approximately what percentage of people who die from cancer die from colon cancer, breast cancer, and prostate cancer taken together?",ggr_item4.png,"Approximately what percentage of people who die from cancer die from colon cancer, breast cancer, and prostate cancer taken together?ggr_item4.png",google/pix2struct-chartqa-base,4,25,ggr,0
"The first part of this study consists of 13 multiple choice questions associated with visualizations, and you will be asked to choose the best answer for each question. You are required to provide an answer to the current question. Your answer must be one of the choices provided.",,"Approximately what percentage of people who die from cancer die from colon cancer, breast cancer, and prostate cancer taken together?",ggr_item4.png,"Approximately what percentage of people who die from cancer die from colon cancer, breast cancer, and prostate cancer taken together?ggr_item4.png",google/pix2struct-chartqa-base,5,25,ggr,0
"The first part of this study consists of 13 multiple choice questions associated with visualizations, and you will be asked to choose the best answer for each question. You are required to provide an answer to the current question. Your answer must be one of the choices provided.",,"Approximately what percentage of people who die from cancer die from colon cancer, breast cancer, and prostate cancer taken together?",ggr_item4.png,"Approximately what percentage of people who die from cancer die from colon cancer, breast cancer, and prostate cancer taken together?ggr_item4.png",google/pix2struct-chartqa-base,1.61538,25,ggr,0
"The first part of this study consists of 13 multiple choice questions associated with visualizations, and you will be asked to choose the best answer for each question. You are required to provide an answer to the current question. Your answer must be one of the choices provided.",,"Approximately what percentage of people who die from cancer die from colon cancer, breast cancer, and prostate cancer taken together?",ggr_item4.png,"Approximately what percentage of people who die from cancer die from colon cancer, breast cancer, and prostate cancer taken together?ggr_item4.png",google/pix2struct-chartqa-base,0.1,25,ggr,0
"The first part of this study consists of 13 multiple choice questions associated with visualizations, and you will be asked to choose the best answer for each question. You are required to provide an answer to the current question. Your answer must be one of the choices provided.",,Approximately what percentage of people had Adeolitis in the year 2000?,ggr_item5.png,Approximately what percentage of people had Adeolitis in the year 2000?ggr_item5.png,google/pix2struct-chartqa-base,TECH,20,ggr,0
"The first part of this study consists of 13 multiple choice questions associated with visualizations, and you will be asked to choose the best answer for each question. You are required to provide an answer to the current question. Your answer must be one of the choices provided.",,Approximately what percentage of people had Adeolitis in the year 2000?,ggr_item5.png,Approximately what percentage of people had Adeolitis in the year 2000?ggr_item5.png,google/pix2struct-chartqa-base,1,20,ggr,0
"The first part of this study consists of 13 multiple choice questions associated with visualizations, and you will be asked to choose the best answer for each question. You are required to provide an answer to the current question. Your answer must be one of the choices provided.",,Approximately what percentage of people had Adeolitis in the year 2000?,ggr_item5.png,Approximately what percentage of people had Adeolitis in the year 2000?ggr_item5.png,google/pix2struct-chartqa-base,1,20,ggr,0
"The first part of this study consists of 13 multiple choice questions associated with visualizations, and you will be asked to choose the best answer for each question. You are required to provide an answer to the current question. Your answer must be one of the choices provided.",,Approximately what percentage of people had Adeolitis in the year 2000?,ggr_item5.png,Approximately what percentage of people had Adeolitis in the year 2000?ggr_item5.png,google/pix2struct-chartqa-base,1,20,ggr,0
"The first part of this study consists of 13 multiple choice questions associated with visualizations, and you will be asked to choose the best answer for each question. You are required to provide an answer to the current question. Your answer must be one of the choices provided.",,Approximately what percentage of people had Adeolitis in the year 2000?,ggr_item5.png,Approximately what percentage of people had Adeolitis in the year 2000?ggr_item5.png,google/pix2struct-chartqa-base,1,20,ggr,0
"The first part of this study consists of 13 multiple choice questions associated with visualizations, and you will be asked to choose the best answer for each question. You are required to provide an answer to the current question. Your answer must be one of the choices provided.",,"According to your best guess, what will the percentage of people with Adeolitis be in the year 2010?",ggr_item7.png,"According to your best guess, what will the percentage of people with Adeolitis be in the year 2010?ggr_item7.png",google/pix2struct-chartqa-base,13,25,ggr,0
"The first part of this study consists of 13 multiple choice questions associated with visualizations, and you will be asked to choose the best answer for each question. You are required to provide an answer to the current question. Your answer must be one of the choices provided.",,"According to your best guess, what will the percentage of people with Adeolitis be in the year 2010?",ggr_item7.png,"According to your best guess, what will the percentage of people with Adeolitis be in the year 2010?ggr_item7.png",google/pix2struct-chartqa-base,13,25,ggr,0
"The first part of this study consists of 13 multiple choice questions associated with visualizations, and you will be asked to choose the best answer for each question. You are required to provide an answer to the current question. Your answer must be one of the choices provided.",,"According to your best guess, what will the percentage of people with Adeolitis be in the year 2010?",ggr_item7.png,"According to your best guess, what will the percentage of people with Adeolitis be in the year 2010?ggr_item7.png",google/pix2struct-chartqa-base,1.5,25,ggr,0
"The first part of this study consists of 13 multiple choice questions associated with visualizations, and you will be asked to choose the best answer for each question. You are required to provide an answer to the current question. Your answer must be one of the choices provided.",,"According to your best guess, what will the percentage of people with Adeolitis be in the year 2010?",ggr_item7.png,"According to your best guess, what will the percentage of people with Adeolitis be in the year 2010?ggr_item7.png",google/pix2struct-chartqa-base,13,25,ggr,0
"The first part of this study consists of 13 multiple choice questions associated with visualizations, and you will be asked to choose the best answer for each question. You are required to provide an answer to the current question. Your answer must be one of the choices provided.",,"According to your best guess, what will the percentage of people with Adeolitis be in the year 2010?",ggr_item7.png,"According to your best guess, what will the percentage of people with Adeolitis be in the year 2010?ggr_item7.png",google/pix2struct-chartqa-base,13,25,ggr,0
"The first part of this study consists of 13 multiple choice questions associated with visualizations, and you will be asked to choose the best answer for each question. You are required to provide an answer to the current question. Your answer must be one of the choices provided.",,"Of 100 patients with disease X, how many are women?",ggr_item8.png,"Of 100 patients with disease X, how many are women?ggr_item8.png",google/pix2struct-chartqa-base,1,40,ggr,0
"The first part of this study consists of 13 multiple choice questions associated with visualizations, and you will be asked to choose the best answer for each question. You are required to provide an answer to the current question. Your answer must be one of the choices provided.",,"Of 100 patients with disease X, how many are women?",ggr_item8.png,"Of 100 patients with disease X, how many are women?ggr_item8.png",google/pix2struct-chartqa-base,1,40,ggr,0
"The first part of this study consists of 13 multiple choice questions associated with visualizations, and you will be asked to choose the best answer for each question. You are required to provide an answer to the current question. Your answer must be one of the choices provided.",,"Of 100 patients with disease X, how many are women?",ggr_item8.png,"Of 100 patients with disease X, how many are women?ggr_item8.png",google/pix2struct-chartqa-base,1,40,ggr,0
"The first part of this study consists of 13 multiple choice questions associated with visualizations, and you will be asked to choose the best answer for each question. You are required to provide an answer to the current question. Your answer must be one of the choices provided.",,"Of 100 patients with disease X, how many are women?",ggr_item8.png,"Of 100 patients with disease X, how many are women?ggr_item8.png",google/pix2struct-chartqa-base,1,40,ggr,0
"The first part of this study consists of 13 multiple choice questions associated with visualizations, and you will be asked to choose the best answer for each question. You are required to provide an answer to the current question. Your answer must be one of the choices provided.",,"Of 100 patients with disease X, how many are women?",ggr_item8.png,"Of 100 patients with disease X, how many are women?ggr_item8.png",google/pix2struct-chartqa-base,1,40,ggr,0
"The first part of this study consists of 13 multiple choice questions associated with visualizations, and you will be asked to choose the best answer for each question. You are required to provide an answer to the current question. Your answer must be one of the choices provided.",,How many more men than women are there among 100 patients with disease X?,ggr_item9.png,How many more men than women are there among 100 patients with disease X?ggr_item9.png,google/pix2struct-chartqa-base,2,20,ggr,0
"The first part of this study consists of 13 multiple choice questions associated with visualizations, and you will be asked to choose the best answer for each question. You are required to provide an answer to the current question. Your answer must be one of the choices provided.",,How many more men than women are there among 100 patients with disease X?,ggr_item9.png,How many more men than women are there among 100 patients with disease X?ggr_item9.png,google/pix2struct-chartqa-base,25,20,ggr,0
"The first part of this study consists of 13 multiple choice questions associated with visualizations, and you will be asked to choose the best answer for each question. You are required to provide an answer to the current question. Your answer must be one of the choices provided.",,How many more men than women are there among 100 patients with disease X?,ggr_item9.png,How many more men than women are there among 100 patients with disease X?ggr_item9.png,google/pix2struct-chartqa-base,2,20,ggr,0
"The first part of this study consists of 13 multiple choice questions associated with visualizations, and you will be asked to choose the best answer for each question. You are required to provide an answer to the current question. Your answer must be one of the choices provided.",,How many more men than women are there among 100 patients with disease X?,ggr_item9.png,How many more men than women are there among 100 patients with disease X?ggr_item9.png,google/pix2struct-chartqa-base,2,20,ggr,0
"The first part of this study consists of 13 multiple choice questions associated with visualizations, and you will be asked to choose the best answer for each question. You are required to provide an answer to the current question. Your answer must be one of the choices provided.",,How many more men than women are there among 100 patients with disease X?,ggr_item9.png,How many more men than women are there among 100 patients with disease X?ggr_item9.png,google/pix2struct-chartqa-base,-0.51,20,ggr,0
