instructions,description,question,image_file,item_id,agent_type,agent_response,correct_answer,test_type,is_correct
"The first part of this study consists of 53 multiple choice questions associated with visualizations, and you will be asked to choose the best answer for each question. You are required to provide an answer to the current question. Your answer must be one of the choices provided.",,About what is the ratio of the cost of a sandwich to the total cost of room service in Seattle?,item11.png,About what is the ratio of the cost of a sandwich to the total cost of room service in Seattle?item11.png,google/pix2struct-chartqa-base,1,4 to 10,vlat,0
"The first part of this study consists of 53 multiple choice questions associated with visualizations, and you will be asked to choose the best answer for each question. You are required to provide an answer to the current question. Your answer must be one of the choices provided.",,About what is the ratio of the cost of a sandwich to the total cost of room service in Seattle?,item11.png,About what is the ratio of the cost of a sandwich to the total cost of room service in Seattle?item11.png,google/pix2struct-chartqa-base,1,4 to 10,vlat,0
"The first part of this study consists of 53 multiple choice questions associated with visualizations, and you will be asked to choose the best answer for each question. You are required to provide an answer to the current question. Your answer must be one of the choices provided.",,About what is the ratio of the cost of a sandwich to the total cost of room service in Seattle?,item11.png,About what is the ratio of the cost of a sandwich to the total cost of room service in Seattle?item11.png,google/pix2struct-chartqa-base,1,4 to 10,vlat,0
"The first part of this study consists of 53 multiple choice questions associated with visualizations, and you will be asked to choose the best answer for each question. You are required to provide an answer to the current question. Your answer must be one of the choices provided.",,About what is the ratio of the cost of a sandwich to the total cost of room service in Seattle?,item11.png,About what is the ratio of the cost of a sandwich to the total cost of room service in Seattle?item11.png,google/pix2struct-chartqa-base,2,4 to 10,vlat,0
"The first part of this study consists of 53 multiple choice questions associated with visualizations, and you will be asked to choose the best answer for each question. You are required to provide an answer to the current question. Your answer must be one of the choices provided.",,About what is the ratio of the cost of a sandwich to the total cost of room service in Seattle?,item11.png,About what is the ratio of the cost of a sandwich to the total cost of room service in Seattle?item11.png,google/pix2struct-chartqa-base,1,4 to 10,vlat,0
"The first part of this study consists of 53 multiple choice questions associated with visualizations, and you will be asked to choose the best answer for each question. You are required to provide an answer to the current question. Your answer must be one of the choices provided.",,In which city is the cost of soda the highest?,item12.png,In which city is the cost of soda the highest?item12.png,google/pix2struct-chartqa-base,5,Washington D.C.,vlat,0
"The first part of this study consists of 53 multiple choice questions associated with visualizations, and you will be asked to choose the best answer for each question. You are required to provide an answer to the current question. Your answer must be one of the choices provided.",,In which city is the cost of soda the highest?,item12.png,In which city is the cost of soda the highest?item12.png,google/pix2struct-chartqa-base,2.41,Washington D.C.,vlat,0
"The first part of this study consists of 53 multiple choice questions associated with visualizations, and you will be asked to choose the best answer for each question. You are required to provide an answer to the current question. Your answer must be one of the choices provided.",,In which city is the cost of soda the highest?,item12.png,In which city is the cost of soda the highest?item12.png,google/pix2struct-chartqa-base,1.5,Washington D.C.,vlat,0
"The first part of this study consists of 53 multiple choice questions associated with visualizations, and you will be asked to choose the best answer for each question. You are required to provide an answer to the current question. Your answer must be one of the choices provided.",,In which city is the cost of soda the highest?,item12.png,In which city is the cost of soda the highest?item12.png,google/pix2struct-chartqa-base,2,Washington D.C.,vlat,0
"The first part of this study consists of 53 multiple choice questions associated with visualizations, and you will be asked to choose the best answer for each question. You are required to provide an answer to the current question. Your answer must be one of the choices provided.",,In which city is the cost of soda the highest?,item12.png,In which city is the cost of soda the highest?item12.png,google/pix2struct-chartqa-base,5,Washington D.C.,vlat,0
"The first part of this study consists of 53 multiple choice questions associated with visualizations, and you will be asked to choose the best answer for each question. You are required to provide an answer to the current question. Your answer must be one of the choices provided.",,The cost of vodka in Atlanta is higher than that of Honolulu.,item14.png,The cost of vodka in Atlanta is higher than that of Honolulu.item14.png,google/pix2struct-chartqa-base,44,True,vlat,0
"The first part of this study consists of 53 multiple choice questions associated with visualizations, and you will be asked to choose the best answer for each question. You are required to provide an answer to the current question. Your answer must be one of the choices provided.",,The cost of vodka in Atlanta is higher than that of Honolulu.,item14.png,The cost of vodka in Atlanta is higher than that of Honolulu.item14.png,google/pix2struct-chartqa-base,2,True,vlat,0
"The first part of this study consists of 53 multiple choice questions associated with visualizations, and you will be asked to choose the best answer for each question. You are required to provide an answer to the current question. Your answer must be one of the choices provided.",,The cost of vodka in Atlanta is higher than that of Honolulu.,item14.png,The cost of vodka in Atlanta is higher than that of Honolulu.item14.png,google/pix2struct-chartqa-base,2.5,True,vlat,0
"The first part of this study consists of 53 multiple choice questions associated with visualizations, and you will be asked to choose the best answer for each question. You are required to provide an answer to the current question. Your answer must be one of the choices provided.",,The cost of vodka in Atlanta is higher than that of Honolulu.,item14.png,The cost of vodka in Atlanta is higher than that of Honolulu.item14.png,google/pix2struct-chartqa-base,2.71,True,vlat,0
"The first part of this study consists of 53 multiple choice questions associated with visualizations, and you will be asked to choose the best answer for each question. You are required to provide an answer to the current question. Your answer must be one of the choices provided.",,The cost of vodka in Atlanta is higher than that of Honolulu.,item14.png,The cost of vodka in Atlanta is higher than that of Honolulu.item14.png,google/pix2struct-chartqa-base,5,True,vlat,0
"The first part of this study consists of 53 multiple choice questions associated with visualizations, and you will be asked to choose the best answer for each question. You are required to provide an answer to the current question. Your answer must be one of the choices provided.",,What is the weight for the person who is 165.1 cm tall?,item26.png,What is the weight for the person who is 165.1 cm tall?item26.png,google/pix2struct-chartqa-base,2,70.5 kg,vlat,0
"The first part of this study consists of 53 multiple choice questions associated with visualizations, and you will be asked to choose the best answer for each question. You are required to provide an answer to the current question. Your answer must be one of the choices provided.",,What is the weight for the person who is 165.1 cm tall?,item26.png,What is the weight for the person who is 165.1 cm tall?item26.png,google/pix2struct-chartqa-base,1,70.5 kg,vlat,0
"The first part of this study consists of 53 multiple choice questions associated with visualizations, and you will be asked to choose the best answer for each question. You are required to provide an answer to the current question. Your answer must be one of the choices provided.",,What is the weight for the person who is 165.1 cm tall?,item26.png,What is the weight for the person who is 165.1 cm tall?item26.png,google/pix2struct-chartqa-base,2,70.5 kg,vlat,0
"The first part of this study consists of 53 multiple choice questions associated with visualizations, and you will be asked to choose the best answer for each question. You are required to provide an answer to the current question. Your answer must be one of the choices provided.",,What is the weight for the person who is 165.1 cm tall?,item26.png,What is the weight for the person who is 165.1 cm tall?item26.png,google/pix2struct-chartqa-base,2,70.5 kg,vlat,0
"The first part of this study consists of 53 multiple choice questions associated with visualizations, and you will be asked to choose the best answer for each question. You are required to provide an answer to the current question. Your answer must be one of the choices provided.",,What is the weight for the person who is 165.1 cm tall?,item26.png,What is the weight for the person who is 165.1 cm tall?item26.png,google/pix2struct-chartqa-base,2,70.5 kg,vlat,0
"The first part of this study consists of 53 multiple choice questions associated with visualizations, and you will be asked to choose the best answer for each question. You are required to provide an answer to the current question. Your answer must be one of the choices provided.",,What is the range in weight for the 85 males?,item28.png,What is the range in weight for the 85 males?item28.png,google/pix2struct-chartqa-base,19,53.9 - 102.3 kg,vlat,0
"The first part of this study consists of 53 multiple choice questions associated with visualizations, and you will be asked to choose the best answer for each question. You are required to provide an answer to the current question. Your answer must be one of the choices provided.",,What is the range in weight for the 85 males?,item28.png,What is the range in weight for the 85 males?item28.png,google/pix2struct-chartqa-base,19,53.9 - 102.3 kg,vlat,0
"The first part of this study consists of 53 multiple choice questions associated with visualizations, and you will be asked to choose the best answer for each question. You are required to provide an answer to the current question. Your answer must be one of the choices provided.",,What is the range in weight for the 85 males?,item28.png,What is the range in weight for the 85 males?item28.png,google/pix2struct-chartqa-base,22.2,53.9 - 102.3 kg,vlat,0
"The first part of this study consists of 53 multiple choice questions associated with visualizations, and you will be asked to choose the best answer for each question. You are required to provide an answer to the current question. Your answer must be one of the choices provided.",,What is the range in weight for the 85 males?,item28.png,What is the range in weight for the 85 males?item28.png,google/pix2struct-chartqa-base,AAP,53.9 - 102.3 kg,vlat,0
"The first part of this study consists of 53 multiple choice questions associated with visualizations, and you will be asked to choose the best answer for each question. You are required to provide an answer to the current question. Your answer must be one of the choices provided.",,What is the range in weight for the 85 males?,item28.png,What is the range in weight for the 85 males?item28.png,google/pix2struct-chartqa-base,19,53.9 - 102.3 kg,vlat,0
"The first part of this study consists of 53 multiple choice questions associated with visualizations, and you will be asked to choose the best answer for each question. You are required to provide an answer to the current question. Your answer must be one of the choices provided.",,What is the height for a person who lies outside the others the most?,item29.png,What is the height for a person who lies outside the others the most?item29.png,google/pix2struct-chartqa-base,1.12,175.3 cm,vlat,0
"The first part of this study consists of 53 multiple choice questions associated with visualizations, and you will be asked to choose the best answer for each question. You are required to provide an answer to the current question. Your answer must be one of the choices provided.",,What is the height for a person who lies outside the others the most?,item29.png,What is the height for a person who lies outside the others the most?item29.png,google/pix2struct-chartqa-base,1.5,175.3 cm,vlat,0
"The first part of this study consists of 53 multiple choice questions associated with visualizations, and you will be asked to choose the best answer for each question. You are required to provide an answer to the current question. Your answer must be one of the choices provided.",,What is the height for a person who lies outside the others the most?,item29.png,What is the height for a person who lies outside the others the most?item29.png,google/pix2struct-chartqa-base,2.3,175.3 cm,vlat,0
"The first part of this study consists of 53 multiple choice questions associated with visualizations, and you will be asked to choose the best answer for each question. You are required to provide an answer to the current question. Your answer must be one of the choices provided.",,What is the height for a person who lies outside the others the most?,item29.png,What is the height for a person who lies outside the others the most?item29.png,google/pix2struct-chartqa-base,1,175.3 cm,vlat,0
"The first part of this study consists of 53 multiple choice questions associated with visualizations, and you will be asked to choose the best answer for each question. You are required to provide an answer to the current question. Your answer must be one of the choices provided.",,What is the height for a person who lies outside the others the most?,item29.png,What is the height for a person who lies outside the others the most?item29.png,google/pix2struct-chartqa-base,1.5,175.3 cm,vlat,0
"The first part of this study consists of 53 multiple choice questions associated with visualizations, and you will be asked to choose the best answer for each question. You are required to provide an answer to the current question. Your answer must be one of the choices provided.",,When was the average price of a pound of coffee beans at minimum?,item36.png,When was the average price of a pound of coffee beans at minimum?item36.png,google/pix2struct-chartqa-base,5,December 2014,vlat,0
"The first part of this study consists of 53 multiple choice questions associated with visualizations, and you will be asked to choose the best answer for each question. You are required to provide an answer to the current question. Your answer must be one of the choices provided.",,When was the average price of a pound of coffee beans at minimum?,item36.png,When was the average price of a pound of coffee beans at minimum?item36.png,google/pix2struct-chartqa-base,59,December 2014,vlat,0
"The first part of this study consists of 53 multiple choice questions associated with visualizations, and you will be asked to choose the best answer for each question. You are required to provide an answer to the current question. Your answer must be one of the choices provided.",,When was the average price of a pound of coffee beans at minimum?,item36.png,When was the average price of a pound of coffee beans at minimum?item36.png,google/pix2struct-chartqa-base,5.4,December 2014,vlat,0
"The first part of this study consists of 53 multiple choice questions associated with visualizations, and you will be asked to choose the best answer for each question. You are required to provide an answer to the current question. Your answer must be one of the choices provided.",,When was the average price of a pound of coffee beans at minimum?,item36.png,When was the average price of a pound of coffee beans at minimum?item36.png,google/pix2struct-chartqa-base,5.4,December 2014,vlat,0
"The first part of this study consists of 53 multiple choice questions associated with visualizations, and you will be asked to choose the best answer for each question. You are required to provide an answer to the current question. Your answer must be one of the choices provided.",,When was the average price of a pound of coffee beans at minimum?,item36.png,When was the average price of a pound of coffee beans at minimum?item36.png,google/pix2struct-chartqa-base,59,December 2014,vlat,0
"The first part of this study consists of 53 multiple choice questions associated with visualizations, and you will be asked to choose the best answer for each question. You are required to provide an answer to the current question. Your answer must be one of the choices provided.",,"In the UK, the number of girls named 'Amelia' in 2014 was more than it was in 2013.",item44.png,"In the UK, the number of girls named 'Amelia' in 2014 was more than it was in 2013.item44.png",google/pix2struct-chartqa-base,63,False,vlat,0
"The first part of this study consists of 53 multiple choice questions associated with visualizations, and you will be asked to choose the best answer for each question. You are required to provide an answer to the current question. Your answer must be one of the choices provided.",,"In the UK, the number of girls named 'Amelia' in 2014 was more than it was in 2013.",item44.png,"In the UK, the number of girls named 'Amelia' in 2014 was more than it was in 2013.item44.png",google/pix2struct-chartqa-base,61,False,vlat,0
"The first part of this study consists of 53 multiple choice questions associated with visualizations, and you will be asked to choose the best answer for each question. You are required to provide an answer to the current question. Your answer must be one of the choices provided.",,"In the UK, the number of girls named 'Amelia' in 2014 was more than it was in 2013.",item44.png,"In the UK, the number of girls named 'Amelia' in 2014 was more than it was in 2013.item44.png",google/pix2struct-chartqa-base,-0.51,False,vlat,0
"The first part of this study consists of 53 multiple choice questions associated with visualizations, and you will be asked to choose the best answer for each question. You are required to provide an answer to the current question. Your answer must be one of the choices provided.",,"In the UK, the number of girls named 'Amelia' in 2014 was more than it was in 2013.",item44.png,"In the UK, the number of girls named 'Amelia' in 2014 was more than it was in 2013.item44.png",google/pix2struct-chartqa-base,61,False,vlat,0
"The first part of this study consists of 53 multiple choice questions associated with visualizations, and you will be asked to choose the best answer for each question. You are required to provide an answer to the current question. Your answer must be one of the choices provided.",,"In the UK, the number of girls named 'Amelia' in 2014 was more than it was in 2013.",item44.png,"In the UK, the number of girls named 'Amelia' in 2014 was more than it was in 2013.item44.png",google/pix2struct-chartqa-base,61,False,vlat,0
"The first part of this study consists of 53 multiple choice questions associated with visualizations, and you will be asked to choose the best answer for each question. You are required to provide an answer to the current question. Your answer must be one of the choices provided.",,"In general, the ridership of the metro system increases as the number of stations increases.",item52.png,"In general, the ridership of the metro system increases as the number of stations increases.item52.png",google/pix2struct-chartqa-base,Very easy,False,vlat,0
"The first part of this study consists of 53 multiple choice questions associated with visualizations, and you will be asked to choose the best answer for each question. You are required to provide an answer to the current question. Your answer must be one of the choices provided.",,"In general, the ridership of the metro system increases as the number of stations increases.",item52.png,"In general, the ridership of the metro system increases as the number of stations increases.item52.png",google/pix2struct-chartqa-base,aliexpress.com,False,vlat,0
"The first part of this study consists of 53 multiple choice questions associated with visualizations, and you will be asked to choose the best answer for each question. You are required to provide an answer to the current question. Your answer must be one of the choices provided.",,"In general, the ridership of the metro system increases as the number of stations increases.",item52.png,"In general, the ridership of the metro system increases as the number of stations increases.item52.png",google/pix2struct-chartqa-base,1.58,False,vlat,0
"The first part of this study consists of 53 multiple choice questions associated with visualizations, and you will be asked to choose the best answer for each question. You are required to provide an answer to the current question. Your answer must be one of the choices provided.",,"In general, the ridership of the metro system increases as the number of stations increases.",item52.png,"In general, the ridership of the metro system increases as the number of stations increases.item52.png",google/pix2struct-chartqa-base,"[15.586,  17.06]",False,vlat,0
"The first part of this study consists of 53 multiple choice questions associated with visualizations, and you will be asked to choose the best answer for each question. You are required to provide an answer to the current question. Your answer must be one of the choices provided.",,"In general, the ridership of the metro system increases as the number of stations increases.",item52.png,"In general, the ridership of the metro system increases as the number of stations increases.item52.png",google/pix2struct-chartqa-base,"[15.586,  17.06]",False,vlat,0
"The first part of this study consists of 53 multiple choice questions associated with visualizations, and you will be asked to choose the best answer for each question. You are required to provide an answer to the current question. Your answer must be one of the choices provided.",,What was the unemployment rate for Indiana (IN) in 2015?,item55.png,What was the unemployment rate for Indiana (IN) in 2015?item55.png,google/pix2struct-chartqa-base,1.5,4.0% - 5.0%,vlat,0
"The first part of this study consists of 53 multiple choice questions associated with visualizations, and you will be asked to choose the best answer for each question. You are required to provide an answer to the current question. Your answer must be one of the choices provided.",,What was the unemployment rate for Indiana (IN) in 2015?,item55.png,What was the unemployment rate for Indiana (IN) in 2015?item55.png,google/pix2struct-chartqa-base,11.5,4.0% - 5.0%,vlat,0
"The first part of this study consists of 53 multiple choice questions associated with visualizations, and you will be asked to choose the best answer for each question. You are required to provide an answer to the current question. Your answer must be one of the choices provided.",,What was the unemployment rate for Indiana (IN) in 2015?,item55.png,What was the unemployment rate for Indiana (IN) in 2015?item55.png,google/pix2struct-chartqa-base,1,4.0% - 5.0%,vlat,0
"The first part of this study consists of 53 multiple choice questions associated with visualizations, and you will be asked to choose the best answer for each question. You are required to provide an answer to the current question. Your answer must be one of the choices provided.",,What was the unemployment rate for Indiana (IN) in 2015?,item55.png,What was the unemployment rate for Indiana (IN) in 2015?item55.png,google/pix2struct-chartqa-base,1,4.0% - 5.0%,vlat,0
"The first part of this study consists of 53 multiple choice questions associated with visualizations, and you will be asked to choose the best answer for each question. You are required to provide an answer to the current question. Your answer must be one of the choices provided.",,What was the unemployment rate for Indiana (IN) in 2015?,item55.png,What was the unemployment rate for Indiana (IN) in 2015?item55.png,google/pix2struct-chartqa-base,1.61,4.0% - 5.0%,vlat,0
"The first part of this study consists of 53 multiple choice questions associated with visualizations, and you will be asked to choose the best answer for each question. You are required to provide an answer to the current question. Your answer must be one of the choices provided.",,In which state was the unemployment rate the highest in 2015?,item56.png,In which state was the unemployment rate the highest in 2015?item56.png,google/pix2struct-chartqa-base,Operating profit margin,New Mexico (NM),vlat,0
"The first part of this study consists of 53 multiple choice questions associated with visualizations, and you will be asked to choose the best answer for each question. You are required to provide an answer to the current question. Your answer must be one of the choices provided.",,In which state was the unemployment rate the highest in 2015?,item56.png,In which state was the unemployment rate the highest in 2015?item56.png,google/pix2struct-chartqa-base,59,New Mexico (NM),vlat,0
"The first part of this study consists of 53 multiple choice questions associated with visualizations, and you will be asked to choose the best answer for each question. You are required to provide an answer to the current question. Your answer must be one of the choices provided.",,In which state was the unemployment rate the highest in 2015?,item56.png,In which state was the unemployment rate the highest in 2015?item56.png,google/pix2struct-chartqa-base,53.31,New Mexico (NM),vlat,0
"The first part of this study consists of 53 multiple choice questions associated with visualizations, and you will be asked to choose the best answer for each question. You are required to provide an answer to the current question. Your answer must be one of the choices provided.",,In which state was the unemployment rate the highest in 2015?,item56.png,In which state was the unemployment rate the highest in 2015?item56.png,google/pix2struct-chartqa-base,59,New Mexico (NM),vlat,0
"The first part of this study consists of 53 multiple choice questions associated with visualizations, and you will be asked to choose the best answer for each question. You are required to provide an answer to the current question. Your answer must be one of the choices provided.",,In which state was the unemployment rate the highest in 2015?,item56.png,In which state was the unemployment rate the highest in 2015?item56.png,google/pix2struct-chartqa-base,57,New Mexico (NM),vlat,0
