instructions,description,question,image_file,item_id,agent_type,agent_response,correct_answer,test_type,is_correct
,"Chart Description: 
Vertical bar chart with no title; x-axis labeled “Treatment” and y-axis labeled “% recovered cancer patients” (percent). Marks are vertical bars with white fill and black outlines for the categories: Radiation, Chemotherapy, Surgery. No legend is present. Horizontal gridlines extend across the plotting area, and tick marks are present on both axes. Overall styling is monochrome with a simple rectangular frame and clean, minimal design.
 Task:",What percentage of patients recovered after chemotherapy?,ggr_item1.png,What percentage of patients recovered after chemotherapy?ggr_item1.png,google/pix2struct-chartqa-base,2,35,ggr,0
,"Chart Description: 
Vertical bar chart with no title; x-axis labeled “Treatment” and y-axis labeled “% recovered cancer patients” (percent). Marks are vertical bars with white fill and black outlines for the categories: Radiation, Chemotherapy, Surgery. No legend is present. Horizontal gridlines extend across the plotting area, and tick marks are present on both axes. Overall styling is monochrome with a simple rectangular frame and clean, minimal design.
 Task:",What percentage of patients recovered after chemotherapy?,ggr_item1.png,What percentage of patients recovered after chemotherapy?ggr_item1.png,google/pix2struct-chartqa-base,Q4 '13',35,ggr,0
,"Chart Description: 
Vertical bar chart with no title; x-axis labeled “Treatment” and y-axis labeled “% recovered cancer patients” (percent). Marks are vertical bars with white fill and black outlines for the categories: Radiation, Chemotherapy, Surgery. No legend is present. Horizontal gridlines extend across the plotting area, and tick marks are present on both axes. Overall styling is monochrome with a simple rectangular frame and clean, minimal design.
 Task:",What percentage of patients recovered after chemotherapy?,ggr_item1.png,What percentage of patients recovered after chemotherapy?ggr_item1.png,google/pix2struct-chartqa-base,No,35,ggr,0
,"Chart Description: 
Vertical bar chart with no title; x-axis labeled “Treatment” and y-axis labeled “% recovered cancer patients” (percent). Marks are vertical bars with white fill and black outlines for the categories: Radiation, Chemotherapy, Surgery. No legend is present. Horizontal gridlines extend across the plotting area, and tick marks are present on both axes. Overall styling is monochrome with a simple rectangular frame and clean, minimal design.
 Task:",What percentage of patients recovered after chemotherapy?,ggr_item1.png,What percentage of patients recovered after chemotherapy?ggr_item1.png,google/pix2struct-chartqa-base,2.5,35,ggr,0
,"Chart Description: 
Vertical bar chart with no title; x-axis labeled “Treatment” and y-axis labeled “% recovered cancer patients” (percent). Marks are vertical bars with white fill and black outlines for the categories: Radiation, Chemotherapy, Surgery. No legend is present. Horizontal gridlines extend across the plotting area, and tick marks are present on both axes. Overall styling is monochrome with a simple rectangular frame and clean, minimal design.
 Task:",What percentage of patients recovered after chemotherapy?,ggr_item1.png,What percentage of patients recovered after chemotherapy?ggr_item1.png,google/pix2struct-chartqa-base,2.4,35,ggr,0
,"Chart Description: 
Bar charts titled “Crosicol helps!” and “Hertinol helps!”; each panel also includes “New findings:”. Axes: vertical axis labeled “% of patients who die”; horizontal axis shows categories Placebo and Crosicol (top), Placebo and Hertinol (bottom). Marks: vertical bars; Placebo bars are dark filled/black, Crosicol is light gray with a textured fill, and Hertinol is a white bar with black outline. Legend: none. Gridlines & ticks: no gridlines; tick marks are present on the vertical axis. Overall styling: grayscale, bold high-contrast titles, simple boxed panels.
 Task:","Compared to the placebo, which treatment leads to a larger decrease in the percentage of patients who die?",ggr_item10.png,"Compared to the placebo, which treatment leads to a larger decrease in the percentage of patients who die?ggr_item10.png",google/pix2struct-chartqa-base,3,They are equal,ggr,0
,"Chart Description: 
Bar charts titled “Crosicol helps!” and “Hertinol helps!”; each panel also includes “New findings:”. Axes: vertical axis labeled “% of patients who die”; horizontal axis shows categories Placebo and Crosicol (top), Placebo and Hertinol (bottom). Marks: vertical bars; Placebo bars are dark filled/black, Crosicol is light gray with a textured fill, and Hertinol is a white bar with black outline. Legend: none. Gridlines & ticks: no gridlines; tick marks are present on the vertical axis. Overall styling: grayscale, bold high-contrast titles, simple boxed panels.
 Task:","Compared to the placebo, which treatment leads to a larger decrease in the percentage of patients who die?",ggr_item10.png,"Compared to the placebo, which treatment leads to a larger decrease in the percentage of patients who die?ggr_item10.png",google/pix2struct-chartqa-base,2,They are equal,ggr,0
,"Chart Description: 
Bar charts titled “Crosicol helps!” and “Hertinol helps!”; each panel also includes “New findings:”. Axes: vertical axis labeled “% of patients who die”; horizontal axis shows categories Placebo and Crosicol (top), Placebo and Hertinol (bottom). Marks: vertical bars; Placebo bars are dark filled/black, Crosicol is light gray with a textured fill, and Hertinol is a white bar with black outline. Legend: none. Gridlines & ticks: no gridlines; tick marks are present on the vertical axis. Overall styling: grayscale, bold high-contrast titles, simple boxed panels.
 Task:","Compared to the placebo, which treatment leads to a larger decrease in the percentage of patients who die?",ggr_item10.png,"Compared to the placebo, which treatment leads to a larger decrease in the percentage of patients who die?ggr_item10.png",google/pix2struct-chartqa-base,2,They are equal,ggr,0
,"Chart Description: 
Bar charts titled “Crosicol helps!” and “Hertinol helps!”; each panel also includes “New findings:”. Axes: vertical axis labeled “% of patients who die”; horizontal axis shows categories Placebo and Crosicol (top), Placebo and Hertinol (bottom). Marks: vertical bars; Placebo bars are dark filled/black, Crosicol is light gray with a textured fill, and Hertinol is a white bar with black outline. Legend: none. Gridlines & ticks: no gridlines; tick marks are present on the vertical axis. Overall styling: grayscale, bold high-contrast titles, simple boxed panels.
 Task:","Compared to the placebo, which treatment leads to a larger decrease in the percentage of patients who die?",ggr_item10.png,"Compared to the placebo, which treatment leads to a larger decrease in the percentage of patients who die?ggr_item10.png",google/pix2struct-chartqa-base,2,They are equal,ggr,0
,"Chart Description: 
Bar charts titled “Crosicol helps!” and “Hertinol helps!”; each panel also includes “New findings:”. Axes: vertical axis labeled “% of patients who die”; horizontal axis shows categories Placebo and Crosicol (top), Placebo and Hertinol (bottom). Marks: vertical bars; Placebo bars are dark filled/black, Crosicol is light gray with a textured fill, and Hertinol is a white bar with black outline. Legend: none. Gridlines & ticks: no gridlines; tick marks are present on the vertical axis. Overall styling: grayscale, bold high-contrast titles, simple boxed panels.
 Task:","Compared to the placebo, which treatment leads to a larger decrease in the percentage of patients who die?",ggr_item10.png,"Compared to the placebo, which treatment leads to a larger decrease in the percentage of patients who die?ggr_item10.png",google/pix2struct-chartqa-base,2,They are equal,ggr,0
,"Chart Description: 
Two line charts titled “Apsoriatin” and “NOPSORIAN”; axes: y-axis labeled “% sick patients,” x-axis with categories “After 2 months” and “After 6 months.” Marks: black lines connecting markers—squares in the top panel and circles in the bottom—solid fill with black outlines. Legend: absent. Gridlines & ticks: no gridlines visible; axes include tick marks without values. Overall styling: monochrome, bold titles (top on a dark banner), white backgrounds, and thin panel borders.
 Task:",Which of the treatments contributes to a larger decrease in the percentage of sick patients?,ggr_item11.png,Which of the treatments contributes to a larger decrease in the percentage of sick patients?ggr_item11.png,google/pix2struct-chartqa-base,2,Can't say,ggr,0
,"Chart Description: 
Two line charts titled “Apsoriatin” and “NOPSORIAN”; axes: y-axis labeled “% sick patients,” x-axis with categories “After 2 months” and “After 6 months.” Marks: black lines connecting markers—squares in the top panel and circles in the bottom—solid fill with black outlines. Legend: absent. Gridlines & ticks: no gridlines visible; axes include tick marks without values. Overall styling: monochrome, bold titles (top on a dark banner), white backgrounds, and thin panel borders.
 Task:",Which of the treatments contributes to a larger decrease in the percentage of sick patients?,ggr_item11.png,Which of the treatments contributes to a larger decrease in the percentage of sick patients?ggr_item11.png,google/pix2struct-chartqa-base,5,Can't say,ggr,0
,"Chart Description: 
Two line charts titled “Apsoriatin” and “NOPSORIAN”; axes: y-axis labeled “% sick patients,” x-axis with categories “After 2 months” and “After 6 months.” Marks: black lines connecting markers—squares in the top panel and circles in the bottom—solid fill with black outlines. Legend: absent. Gridlines & ticks: no gridlines visible; axes include tick marks without values. Overall styling: monochrome, bold titles (top on a dark banner), white backgrounds, and thin panel borders.
 Task:",Which of the treatments contributes to a larger decrease in the percentage of sick patients?,ggr_item11.png,Which of the treatments contributes to a larger decrease in the percentage of sick patients?ggr_item11.png,google/pix2struct-chartqa-base,5,Can't say,ggr,0
,"Chart Description: 
Two line charts titled “Apsoriatin” and “NOPSORIAN”; axes: y-axis labeled “% sick patients,” x-axis with categories “After 2 months” and “After 6 months.” Marks: black lines connecting markers—squares in the top panel and circles in the bottom—solid fill with black outlines. Legend: absent. Gridlines & ticks: no gridlines visible; axes include tick marks without values. Overall styling: monochrome, bold titles (top on a dark banner), white backgrounds, and thin panel borders.
 Task:",Which of the treatments contributes to a larger decrease in the percentage of sick patients?,ggr_item11.png,Which of the treatments contributes to a larger decrease in the percentage of sick patients?ggr_item11.png,google/pix2struct-chartqa-base,2,Can't say,ggr,0
,"Chart Description: 
Two line charts titled “Apsoriatin” and “NOPSORIAN”; axes: y-axis labeled “% sick patients,” x-axis with categories “After 2 months” and “After 6 months.” Marks: black lines connecting markers—squares in the top panel and circles in the bottom—solid fill with black outlines. Legend: absent. Gridlines & ticks: no gridlines visible; axes include tick marks without values. Overall styling: monochrome, bold titles (top on a dark banner), white backgrounds, and thin panel borders.
 Task:",Which of the treatments contributes to a larger decrease in the percentage of sick patients?,ggr_item11.png,Which of the treatments contributes to a larger decrease in the percentage of sick patients?ggr_item11.png,google/pix2struct-chartqa-base,4,Can't say,ggr,0
,"Chart Description: 
Bar chart with no title. Axes: x-axis labeled “Therapy” with categories “Radiation,” “Chemotherapy,” and “Surgery”; y-axis labeled “% of patients who de.” Marks: three vertical bars with white fill and black outlines. Legend: none. Gridlines & ticks: horizontal gridlines span the plot area; tick marks are present. Overall styling: monochrome, simple layout with bold category labels.
 Task:",What is the percentage of cancer patients who die after chemotherapy?,ggr_item13.png,What is the percentage of cancer patients who die after chemotherapy?ggr_item13.png,google/pix2struct-chartqa-base,2,50,ggr,0
,"Chart Description: 
Bar chart with no title. Axes: x-axis labeled “Therapy” with categories “Radiation,” “Chemotherapy,” and “Surgery”; y-axis labeled “% of patients who de.” Marks: three vertical bars with white fill and black outlines. Legend: none. Gridlines & ticks: horizontal gridlines span the plot area; tick marks are present. Overall styling: monochrome, simple layout with bold category labels.
 Task:",What is the percentage of cancer patients who die after chemotherapy?,ggr_item13.png,What is the percentage of cancer patients who die after chemotherapy?ggr_item13.png,google/pix2struct-chartqa-base,"[Yes, No]",50,ggr,0
,"Chart Description: 
Bar chart with no title. Axes: x-axis labeled “Therapy” with categories “Radiation,” “Chemotherapy,” and “Surgery”; y-axis labeled “% of patients who de.” Marks: three vertical bars with white fill and black outlines. Legend: none. Gridlines & ticks: horizontal gridlines span the plot area; tick marks are present. Overall styling: monochrome, simple layout with bold category labels.
 Task:",What is the percentage of cancer patients who die after chemotherapy?,ggr_item13.png,What is the percentage of cancer patients who die after chemotherapy?ggr_item13.png,google/pix2struct-chartqa-base,3,50,ggr,0
,"Chart Description: 
Bar chart with no title. Axes: x-axis labeled “Therapy” with categories “Radiation,” “Chemotherapy,” and “Surgery”; y-axis labeled “% of patients who de.” Marks: three vertical bars with white fill and black outlines. Legend: none. Gridlines & ticks: horizontal gridlines span the plot area; tick marks are present. Overall styling: monochrome, simple layout with bold category labels.
 Task:",What is the percentage of cancer patients who die after chemotherapy?,ggr_item13.png,What is the percentage of cancer patients who die after chemotherapy?ggr_item13.png,google/pix2struct-chartqa-base,3,50,ggr,0
,"Chart Description: 
Bar chart with no title. Axes: x-axis labeled “Therapy” with categories “Radiation,” “Chemotherapy,” and “Surgery”; y-axis labeled “% of patients who de.” Marks: three vertical bars with white fill and black outlines. Legend: none. Gridlines & ticks: horizontal gridlines span the plot area; tick marks are present. Overall styling: monochrome, simple layout with bold category labels.
 Task:",What is the percentage of cancer patients who die after chemotherapy?,ggr_item13.png,What is the percentage of cancer patients who die after chemotherapy?ggr_item13.png,google/pix2struct-chartqa-base,"[3.08, 6.16]",50,ggr,0
,"Chart Description: 
Vertical bar chart with no title; x-axis labeled “Treatment” and y-axis labeled “% recovered cancer patients” (percent). Marks are vertical bars with white fill and black outlines for the categories: Radiation, Chemotherapy, Surgery. No legend is present. Horizontal gridlines extend across the plotting area, and tick marks are present on both axes. Overall styling is monochrome with a simple rectangular frame and clean, minimal design.
 Task:",What is the difference between the percentage of patients who recovered after a surgery and the percentage of patients who recovered after radiation therapy?,ggr_item2.png,What is the difference between the percentage of patients who recovered after a surgery and the percentage of patients who recovered after radiation therapy?ggr_item2.png,google/pix2struct-chartqa-base,2.4,15,ggr,0
,"Chart Description: 
Vertical bar chart with no title; x-axis labeled “Treatment” and y-axis labeled “% recovered cancer patients” (percent). Marks are vertical bars with white fill and black outlines for the categories: Radiation, Chemotherapy, Surgery. No legend is present. Horizontal gridlines extend across the plotting area, and tick marks are present on both axes. Overall styling is monochrome with a simple rectangular frame and clean, minimal design.
 Task:",What is the difference between the percentage of patients who recovered after a surgery and the percentage of patients who recovered after radiation therapy?,ggr_item2.png,What is the difference between the percentage of patients who recovered after a surgery and the percentage of patients who recovered after radiation therapy?ggr_item2.png,google/pix2struct-chartqa-base,2.4,15,ggr,0
,"Chart Description: 
Vertical bar chart with no title; x-axis labeled “Treatment” and y-axis labeled “% recovered cancer patients” (percent). Marks are vertical bars with white fill and black outlines for the categories: Radiation, Chemotherapy, Surgery. No legend is present. Horizontal gridlines extend across the plotting area, and tick marks are present on both axes. Overall styling is monochrome with a simple rectangular frame and clean, minimal design.
 Task:",What is the difference between the percentage of patients who recovered after a surgery and the percentage of patients who recovered after radiation therapy?,ggr_item2.png,What is the difference between the percentage of patients who recovered after a surgery and the percentage of patients who recovered after radiation therapy?ggr_item2.png,google/pix2struct-chartqa-base,2,15,ggr,0
,"Chart Description: 
Vertical bar chart with no title; x-axis labeled “Treatment” and y-axis labeled “% recovered cancer patients” (percent). Marks are vertical bars with white fill and black outlines for the categories: Radiation, Chemotherapy, Surgery. No legend is present. Horizontal gridlines extend across the plotting area, and tick marks are present on both axes. Overall styling is monochrome with a simple rectangular frame and clean, minimal design.
 Task:",What is the difference between the percentage of patients who recovered after a surgery and the percentage of patients who recovered after radiation therapy?,ggr_item2.png,What is the difference between the percentage of patients who recovered after a surgery and the percentage of patients who recovered after radiation therapy?ggr_item2.png,google/pix2struct-chartqa-base,2.4,15,ggr,0
,"Chart Description: 
Vertical bar chart with no title; x-axis labeled “Treatment” and y-axis labeled “% recovered cancer patients” (percent). Marks are vertical bars with white fill and black outlines for the categories: Radiation, Chemotherapy, Surgery. No legend is present. Horizontal gridlines extend across the plotting area, and tick marks are present on both axes. Overall styling is monochrome with a simple rectangular frame and clean, minimal design.
 Task:",What is the difference between the percentage of patients who recovered after a surgery and the percentage of patients who recovered after radiation therapy?,ggr_item2.png,What is the difference between the percentage of patients who recovered after a surgery and the percentage of patients who recovered after radiation therapy?ggr_item2.png,google/pix2struct-chartqa-base,4.29,15,ggr,0
,"Chart Description: 
Pie chart titled ""Percentage of people that die from different forms of cancer""; no axes. Marks are slices with solid fills and thin outlines: blue for Lung cancer, red for Colon cancer, yellow for Breast cancer, teal for Prostate cancer, and white for Other forms of cancer. No legend; labels are placed via callouts and one label inside a slice. No gridlines or tick marks. Overall styling is clean and minimal, with flat colors, leader lines, and sans-serif text.
 Task:","Of all the people who die from cancer, approximately what percentage dies from lung cancer?",ggr_item3.png,"Of all the people who die from cancer, approximately what percentage dies from lung cancer?ggr_item3.png",google/pix2struct-chartqa-base,72,25,ggr,0
,"Chart Description: 
Pie chart titled ""Percentage of people that die from different forms of cancer""; no axes. Marks are slices with solid fills and thin outlines: blue for Lung cancer, red for Colon cancer, yellow for Breast cancer, teal for Prostate cancer, and white for Other forms of cancer. No legend; labels are placed via callouts and one label inside a slice. No gridlines or tick marks. Overall styling is clean and minimal, with flat colors, leader lines, and sans-serif text.
 Task:","Of all the people who die from cancer, approximately what percentage dies from lung cancer?",ggr_item3.png,"Of all the people who die from cancer, approximately what percentage dies from lung cancer?ggr_item3.png",google/pix2struct-chartqa-base,76,25,ggr,0
,"Chart Description: 
Pie chart titled ""Percentage of people that die from different forms of cancer""; no axes. Marks are slices with solid fills and thin outlines: blue for Lung cancer, red for Colon cancer, yellow for Breast cancer, teal for Prostate cancer, and white for Other forms of cancer. No legend; labels are placed via callouts and one label inside a slice. No gridlines or tick marks. Overall styling is clean and minimal, with flat colors, leader lines, and sans-serif text.
 Task:","Of all the people who die from cancer, approximately what percentage dies from lung cancer?",ggr_item3.png,"Of all the people who die from cancer, approximately what percentage dies from lung cancer?ggr_item3.png",google/pix2struct-chartqa-base,76,25,ggr,0
,"Chart Description: 
Pie chart titled ""Percentage of people that die from different forms of cancer""; no axes. Marks are slices with solid fills and thin outlines: blue for Lung cancer, red for Colon cancer, yellow for Breast cancer, teal for Prostate cancer, and white for Other forms of cancer. No legend; labels are placed via callouts and one label inside a slice. No gridlines or tick marks. Overall styling is clean and minimal, with flat colors, leader lines, and sans-serif text.
 Task:","Of all the people who die from cancer, approximately what percentage dies from lung cancer?",ggr_item3.png,"Of all the people who die from cancer, approximately what percentage dies from lung cancer?ggr_item3.png",google/pix2struct-chartqa-base,ai,25,ggr,0
,"Chart Description: 
Pie chart titled ""Percentage of people that die from different forms of cancer""; no axes. Marks are slices with solid fills and thin outlines: blue for Lung cancer, red for Colon cancer, yellow for Breast cancer, teal for Prostate cancer, and white for Other forms of cancer. No legend; labels are placed via callouts and one label inside a slice. No gridlines or tick marks. Overall styling is clean and minimal, with flat colors, leader lines, and sans-serif text.
 Task:","Of all the people who die from cancer, approximately what percentage dies from lung cancer?",ggr_item3.png,"Of all the people who die from cancer, approximately what percentage dies from lung cancer?ggr_item3.png",google/pix2struct-chartqa-base,76,25,ggr,0
,"Chart Description: 
Pie chart titled ""Percentage of people that die from different forms of cancer""; no axes. Marks are slices with solid fills and thin outlines: blue for Lung cancer, red for Colon cancer, yellow for Breast cancer, teal for Prostate cancer, and white for Other forms of cancer. No legend; labels are placed via callouts and one label inside a slice. No gridlines or tick marks. Overall styling is clean and minimal, with flat colors, leader lines, and sans-serif text.
 Task:","Approximately what percentage of people who die from cancer die from colon cancer, breast cancer, and prostate cancer taken together?",ggr_item4.png,"Approximately what percentage of people who die from cancer die from colon cancer, breast cancer, and prostate cancer taken together?ggr_item4.png",google/pix2struct-chartqa-base,2,25,ggr,0
,"Chart Description: 
Pie chart titled ""Percentage of people that die from different forms of cancer""; no axes. Marks are slices with solid fills and thin outlines: blue for Lung cancer, red for Colon cancer, yellow for Breast cancer, teal for Prostate cancer, and white for Other forms of cancer. No legend; labels are placed via callouts and one label inside a slice. No gridlines or tick marks. Overall styling is clean and minimal, with flat colors, leader lines, and sans-serif text.
 Task:","Approximately what percentage of people who die from cancer die from colon cancer, breast cancer, and prostate cancer taken together?",ggr_item4.png,"Approximately what percentage of people who die from cancer die from colon cancer, breast cancer, and prostate cancer taken together?ggr_item4.png",google/pix2struct-chartqa-base,0.56,25,ggr,0
,"Chart Description: 
Pie chart titled ""Percentage of people that die from different forms of cancer""; no axes. Marks are slices with solid fills and thin outlines: blue for Lung cancer, red for Colon cancer, yellow for Breast cancer, teal for Prostate cancer, and white for Other forms of cancer. No legend; labels are placed via callouts and one label inside a slice. No gridlines or tick marks. Overall styling is clean and minimal, with flat colors, leader lines, and sans-serif text.
 Task:","Approximately what percentage of people who die from cancer die from colon cancer, breast cancer, and prostate cancer taken together?",ggr_item4.png,"Approximately what percentage of people who die from cancer die from colon cancer, breast cancer, and prostate cancer taken together?ggr_item4.png",google/pix2struct-chartqa-base,1,25,ggr,0
,"Chart Description: 
Pie chart titled ""Percentage of people that die from different forms of cancer""; no axes. Marks are slices with solid fills and thin outlines: blue for Lung cancer, red for Colon cancer, yellow for Breast cancer, teal for Prostate cancer, and white for Other forms of cancer. No legend; labels are placed via callouts and one label inside a slice. No gridlines or tick marks. Overall styling is clean and minimal, with flat colors, leader lines, and sans-serif text.
 Task:","Approximately what percentage of people who die from cancer die from colon cancer, breast cancer, and prostate cancer taken together?",ggr_item4.png,"Approximately what percentage of people who die from cancer die from colon cancer, breast cancer, and prostate cancer taken together?ggr_item4.png",google/pix2struct-chartqa-base,10,25,ggr,0
,"Chart Description: 
Pie chart titled ""Percentage of people that die from different forms of cancer""; no axes. Marks are slices with solid fills and thin outlines: blue for Lung cancer, red for Colon cancer, yellow for Breast cancer, teal for Prostate cancer, and white for Other forms of cancer. No legend; labels are placed via callouts and one label inside a slice. No gridlines or tick marks. Overall styling is clean and minimal, with flat colors, leader lines, and sans-serif text.
 Task:","Approximately what percentage of people who die from cancer die from colon cancer, breast cancer, and prostate cancer taken together?",ggr_item4.png,"Approximately what percentage of people who die from cancer die from colon cancer, breast cancer, and prostate cancer taken together?ggr_item4.png",google/pix2struct-chartqa-base,2,25,ggr,0
,"Chart Description: 
Line chart without a title; axes: x-axis labeled “Year,” y-axis labeled “Percentage of people with Adelitis”; marks: open circular markers connected by a solid black line, black outlines with white centers; legend: none; gridlines & ticks: horizontal gridlines present across the plot, tick marks shown on both axes, no vertical gridlines; overall styling: monochrome, thin axis lines, simple white background.
 Task:",Approximately what percentage of people had Adeolitis in the year 2000?,ggr_item5.png,Approximately what percentage of people had Adeolitis in the year 2000?ggr_item5.png,google/pix2struct-chartqa-base,0.29,20,ggr,0
,"Chart Description: 
Line chart without a title; axes: x-axis labeled “Year,” y-axis labeled “Percentage of people with Adelitis”; marks: open circular markers connected by a solid black line, black outlines with white centers; legend: none; gridlines & ticks: horizontal gridlines present across the plot, tick marks shown on both axes, no vertical gridlines; overall styling: monochrome, thin axis lines, simple white background.
 Task:",Approximately what percentage of people had Adeolitis in the year 2000?,ggr_item5.png,Approximately what percentage of people had Adeolitis in the year 2000?ggr_item5.png,google/pix2struct-chartqa-base,28,20,ggr,0
,"Chart Description: 
Line chart without a title; axes: x-axis labeled “Year,” y-axis labeled “Percentage of people with Adelitis”; marks: open circular markers connected by a solid black line, black outlines with white centers; legend: none; gridlines & ticks: horizontal gridlines present across the plot, tick marks shown on both axes, no vertical gridlines; overall styling: monochrome, thin axis lines, simple white background.
 Task:",Approximately what percentage of people had Adeolitis in the year 2000?,ggr_item5.png,Approximately what percentage of people had Adeolitis in the year 2000?ggr_item5.png,google/pix2struct-chartqa-base,3,20,ggr,0
,"Chart Description: 
Line chart without a title; axes: x-axis labeled “Year,” y-axis labeled “Percentage of people with Adelitis”; marks: open circular markers connected by a solid black line, black outlines with white centers; legend: none; gridlines & ticks: horizontal gridlines present across the plot, tick marks shown on both axes, no vertical gridlines; overall styling: monochrome, thin axis lines, simple white background.
 Task:",Approximately what percentage of people had Adeolitis in the year 2000?,ggr_item5.png,Approximately what percentage of people had Adeolitis in the year 2000?ggr_item5.png,google/pix2struct-chartqa-base,3,20,ggr,0
,"Chart Description: 
Line chart without a title; axes: x-axis labeled “Year,” y-axis labeled “Percentage of people with Adelitis”; marks: open circular markers connected by a solid black line, black outlines with white centers; legend: none; gridlines & ticks: horizontal gridlines present across the plot, tick marks shown on both axes, no vertical gridlines; overall styling: monochrome, thin axis lines, simple white background.
 Task:",Approximately what percentage of people had Adeolitis in the year 2000?,ggr_item5.png,Approximately what percentage of people had Adeolitis in the year 2000?ggr_item5.png,google/pix2struct-chartqa-base,28,20,ggr,0
,"Chart Description: 
Line chart without a title; axes: x-axis labeled “Year,” y-axis labeled “Percentage of people with Adelitis”; marks: open circular markers connected by a solid black line, black outlines with white centers; legend: none; gridlines & ticks: horizontal gridlines present across the plot, tick marks shown on both axes, no vertical gridlines; overall styling: monochrome, thin axis lines, simple white background.
 Task:","According to your best guess, what will the percentage of people with Adeolitis be in the year 2010?",ggr_item7.png,"According to your best guess, what will the percentage of people with Adeolitis be in the year 2010?ggr_item7.png",google/pix2struct-chartqa-base,1,25,ggr,0
,"Chart Description: 
Line chart without a title; axes: x-axis labeled “Year,” y-axis labeled “Percentage of people with Adelitis”; marks: open circular markers connected by a solid black line, black outlines with white centers; legend: none; gridlines & ticks: horizontal gridlines present across the plot, tick marks shown on both axes, no vertical gridlines; overall styling: monochrome, thin axis lines, simple white background.
 Task:","According to your best guess, what will the percentage of people with Adeolitis be in the year 2010?",ggr_item7.png,"According to your best guess, what will the percentage of people with Adeolitis be in the year 2010?ggr_item7.png",google/pix2struct-chartqa-base,1,25,ggr,0
,"Chart Description: 
Line chart without a title; axes: x-axis labeled “Year,” y-axis labeled “Percentage of people with Adelitis”; marks: open circular markers connected by a solid black line, black outlines with white centers; legend: none; gridlines & ticks: horizontal gridlines present across the plot, tick marks shown on both axes, no vertical gridlines; overall styling: monochrome, thin axis lines, simple white background.
 Task:","According to your best guess, what will the percentage of people with Adeolitis be in the year 2010?",ggr_item7.png,"According to your best guess, what will the percentage of people with Adeolitis be in the year 2010?ggr_item7.png",google/pix2struct-chartqa-base,1.29,25,ggr,0
,"Chart Description: 
Line chart without a title; axes: x-axis labeled “Year,” y-axis labeled “Percentage of people with Adelitis”; marks: open circular markers connected by a solid black line, black outlines with white centers; legend: none; gridlines & ticks: horizontal gridlines present across the plot, tick marks shown on both axes, no vertical gridlines; overall styling: monochrome, thin axis lines, simple white background.
 Task:","According to your best guess, what will the percentage of people with Adeolitis be in the year 2010?",ggr_item7.png,"According to your best guess, what will the percentage of people with Adeolitis be in the year 2010?ggr_item7.png",google/pix2struct-chartqa-base,1,25,ggr,0
,"Chart Description: 
Line chart without a title; axes: x-axis labeled “Year,” y-axis labeled “Percentage of people with Adelitis”; marks: open circular markers connected by a solid black line, black outlines with white centers; legend: none; gridlines & ticks: horizontal gridlines present across the plot, tick marks shown on both axes, no vertical gridlines; overall styling: monochrome, thin axis lines, simple white background.
 Task:","According to your best guess, what will the percentage of people with Adeolitis be in the year 2010?",ggr_item7.png,"According to your best guess, what will the percentage of people with Adeolitis be in the year 2010?ggr_item7.png",google/pix2struct-chartqa-base,1,25,ggr,0
,"Chart Description: 
Dot matrix chart with no visible title; no axes. Marks are small circular dots arranged in a grid: upper group is hollow black-outlined circles, lower group is solid black-filled circles. Category labels “Men” and “Women” appear to the right of the respective groups. No legend is provided beyond these labels. No gridlines or tick marks are shown. Overall styling is monochrome, with simple dot outlines and fills.
 Task:","Of 100 patients with disease X, how many are women?",ggr_item8.png,"Of 100 patients with disease X, how many are women?ggr_item8.png",google/pix2struct-chartqa-base,26,40,ggr,0
,"Chart Description: 
Dot matrix chart with no visible title; no axes. Marks are small circular dots arranged in a grid: upper group is hollow black-outlined circles, lower group is solid black-filled circles. Category labels “Men” and “Women” appear to the right of the respective groups. No legend is provided beyond these labels. No gridlines or tick marks are shown. Overall styling is monochrome, with simple dot outlines and fills.
 Task:","Of 100 patients with disease X, how many are women?",ggr_item8.png,"Of 100 patients with disease X, how many are women?ggr_item8.png",google/pix2struct-chartqa-base,2,40,ggr,0
,"Chart Description: 
Dot matrix chart with no visible title; no axes. Marks are small circular dots arranged in a grid: upper group is hollow black-outlined circles, lower group is solid black-filled circles. Category labels “Men” and “Women” appear to the right of the respective groups. No legend is provided beyond these labels. No gridlines or tick marks are shown. Overall styling is monochrome, with simple dot outlines and fills.
 Task:","Of 100 patients with disease X, how many are women?",ggr_item8.png,"Of 100 patients with disease X, how many are women?ggr_item8.png",google/pix2struct-chartqa-base,2,40,ggr,0
,"Chart Description: 
Dot matrix chart with no visible title; no axes. Marks are small circular dots arranged in a grid: upper group is hollow black-outlined circles, lower group is solid black-filled circles. Category labels “Men” and “Women” appear to the right of the respective groups. No legend is provided beyond these labels. No gridlines or tick marks are shown. Overall styling is monochrome, with simple dot outlines and fills.
 Task:","Of 100 patients with disease X, how many are women?",ggr_item8.png,"Of 100 patients with disease X, how many are women?ggr_item8.png",google/pix2struct-chartqa-base,2,40,ggr,0
,"Chart Description: 
Dot matrix chart with no visible title; no axes. Marks are small circular dots arranged in a grid: upper group is hollow black-outlined circles, lower group is solid black-filled circles. Category labels “Men” and “Women” appear to the right of the respective groups. No legend is provided beyond these labels. No gridlines or tick marks are shown. Overall styling is monochrome, with simple dot outlines and fills.
 Task:","Of 100 patients with disease X, how many are women?",ggr_item8.png,"Of 100 patients with disease X, how many are women?ggr_item8.png",google/pix2struct-chartqa-base,2,40,ggr,0
,"Chart Description: 
Dot matrix chart with no visible title; no axes. Marks are small circular dots arranged in a grid: upper group is hollow black-outlined circles, lower group is solid black-filled circles. Category labels “Men” and “Women” appear to the right of the respective groups. No legend is provided beyond these labels. No gridlines or tick marks are shown. Overall styling is monochrome, with simple dot outlines and fills.
 Task:",How many more men than women are there among 100 patients with disease X?,ggr_item9.png,How many more men than women are there among 100 patients with disease X?ggr_item9.png,google/pix2struct-chartqa-base,20,20,ggr,1
,"Chart Description: 
Dot matrix chart with no visible title; no axes. Marks are small circular dots arranged in a grid: upper group is hollow black-outlined circles, lower group is solid black-filled circles. Category labels “Men” and “Women” appear to the right of the respective groups. No legend is provided beyond these labels. No gridlines or tick marks are shown. Overall styling is monochrome, with simple dot outlines and fills.
 Task:",How many more men than women are there among 100 patients with disease X?,ggr_item9.png,How many more men than women are there among 100 patients with disease X?ggr_item9.png,google/pix2struct-chartqa-base,3,20,ggr,0
,"Chart Description: 
Dot matrix chart with no visible title; no axes. Marks are small circular dots arranged in a grid: upper group is hollow black-outlined circles, lower group is solid black-filled circles. Category labels “Men” and “Women” appear to the right of the respective groups. No legend is provided beyond these labels. No gridlines or tick marks are shown. Overall styling is monochrome, with simple dot outlines and fills.
 Task:",How many more men than women are there among 100 patients with disease X?,ggr_item9.png,How many more men than women are there among 100 patients with disease X?ggr_item9.png,google/pix2struct-chartqa-base,36,20,ggr,0
,"Chart Description: 
Dot matrix chart with no visible title; no axes. Marks are small circular dots arranged in a grid: upper group is hollow black-outlined circles, lower group is solid black-filled circles. Category labels “Men” and “Women” appear to the right of the respective groups. No legend is provided beyond these labels. No gridlines or tick marks are shown. Overall styling is monochrome, with simple dot outlines and fills.
 Task:",How many more men than women are there among 100 patients with disease X?,ggr_item9.png,How many more men than women are there among 100 patients with disease X?ggr_item9.png,google/pix2struct-chartqa-base,:36,20,ggr,0
,"Chart Description: 
Dot matrix chart with no visible title; no axes. Marks are small circular dots arranged in a grid: upper group is hollow black-outlined circles, lower group is solid black-filled circles. Category labels “Men” and “Women” appear to the right of the respective groups. No legend is provided beyond these labels. No gridlines or tick marks are shown. Overall styling is monochrome, with simple dot outlines and fills.
 Task:",How many more men than women are there among 100 patients with disease X?,ggr_item9.png,How many more men than women are there among 100 patients with disease X?ggr_item9.png,google/pix2struct-chartqa-base,Not a fan at all,20,ggr,0
